replicate,delta_mse
0,-0.006157297713845609
1,0.0025410371049675367
2,-0.0002062822790139308
3,-0.004559719844674639
4,-0.0060439657082873985
5,-0.005129427979787004
6,-0.004256075849208378
7,-0.0031942102760543372
8,0.0004921020272356363
9,-0.006112790389125248
10,-0.003562043945055085
11,-0.00028262655835845795
12,-0.003359616902697464
13,-0.00012450647764796854
14,-0.004832488352699734
15,-0.004979667427689769
16,-0.00018163900404708408
17,-0.002238710074965401
18,-0.001664121777653883
19,-0.00243286592167844
20,-0.0007228031534643899
21,-0.009106718040025571
22,-0.0015565400020157733
23,-0.005130992825466241
24,-0.005120872043066285
25,-0.004133153064610863
26,0.00023860457069391835
27,-0.0041631722316873825
28,0.0007246934136848657
29,0.0016862046920892413
30,-0.005992828379751119
31,-0.006993167638882871
32,-0.0023260812235165887
33,-0.0045535851220281625
34,-0.002943734523842416
35,-0.003730055343674599
36,-0.0038553327146162524
37,-0.0004943569589040454
38,-0.0021656861458980692
39,-0.006134253976801488
40,-0.001158115605264012
41,-0.005592630042248972
42,-0.0072433315234466345
43,-0.004919809120148086
44,-0.002150262011880497
45,-0.0008865523387161219
46,-0.0010510721907335014
47,-0.003921681486843236
48,-0.001168091476047687
49,-0.0032948836070057553
50,-0.002526013344821397
51,-0.002232558682651683
52,-0.003194474474576411
53,-0.0023691469657917447
54,-0.0030112530728001992
55,-0.003708927089656287
56,-0.00476956187875062
57,-0.005601035018988132
58,-0.004015792148117808
59,0.0009333085150524541
60,-0.0007905083251968919
61,-0.0017153165655205292
62,-0.005439844249058582
63,-0.002279377119265411
64,-0.0002835474511893227
65,0.00023530351860570343
66,-0.0023733040378577054
67,-0.008316696644474287
68,-0.006334810227006129
69,0.001355656485184683
70,-0.004038066208482522
71,-0.0026779641138662083
72,-0.0031416191241590563
73,0.0003978706766710488
74,-0.006749920045833434
75,-0.001986572263372042
76,-0.005268161770912087
77,-0.003666356696867168
78,-0.006183150287708596
79,-0.0035060503869522677
80,-0.003688579410484135
81,0.0012932940799802641
82,-0.002585032179571685
83,-0.0014894471025084664
84,-0.0022167557567872587
85,-0.002331998925316107
86,-0.0060358490954806054
87,-0.002754956333347919
88,-0.008127259449198797
89,-0.00363045157909966
90,-0.006371818268212195
91,-0.006839468995686987
92,-0.004847670804773246
93,-0.002655855657728899
94,-0.0034012809270743813
95,-0.0016431140090141913
96,-0.0019853022735327585
97,-0.0038896538958063617
98,-0.005125483697476832
99,0.0009497567575200138
100,-0.005611443003210809
101,-0.0036755906049813656
102,-0.0044807593829405195
103,-0.005865106226493867
104,-0.010130469348022253
105,-0.006343759667013526
106,-0.0006039729761800385
107,-0.004766518776454035
108,-0.006003544799670951
109,-0.0059479254325767545
110,0.0024600840351951445
111,-0.0051257444036129935
112,-0.0033737931686214227
113,0.0009919014081848922
114,-0.005528140634188684
115,-0.006385288947960397
116,-0.0021976048444310296
117,-0.0017143240226853234
118,-0.0035703406339630487
119,-0.0026437281306470333
120,-0.002708496028618216
121,-0.006519061813881458
122,-0.007354025280094081
123,-0.002869709527842722
124,-0.002127455823563313
125,-0.0015835310351909847
126,-0.0011563002891579277
127,-0.007918222543814418
128,-0.0023524131688864493
129,-0.008156408295402129
130,-0.0046033138739341225
131,-0.0002877312650252559
132,-0.0029354054728599316
133,0.00011009148060016604
134,-0.0027551236019955844
135,-0.002009535342481248
136,-0.0023910822885572485
137,-0.0029901093597848667
138,-0.008936210237522238
139,-0.0016892253160916539
140,-0.005750812358551554
141,-0.003970331526324066
142,-0.0015948716821088359
143,-0.001322651665562823
144,-0.004786052651772399
145,0.00022062535327518318
146,-0.005196875939156329
147,-0.0048409888254905544
148,-0.003592294877706898
149,-0.004888262123491582
150,-0.004394560151938754
151,-0.007527786195833962
152,-0.004735862701577623
153,-0.0046737940313997745
154,-0.0013935721416614478
155,-0.0012638904974427454
156,-0.0027812823591922115
157,-0.003817460970969147
158,-0.004952369314577844
159,-0.0008513091978718724
160,0.00022696897173221797
161,-0.004781299200781333
162,-0.0010491762185661714
163,0.0004863158690617757
164,-0.0012575381744504193
165,-0.003098160314001095
166,-0.003501829773828146
167,-0.0035403883680305307
168,-0.002374565126057152
169,-0.006941351993146527
170,-0.004718616227674565
171,-0.0012666779903136402
172,-0.005964397971896976
173,-0.0028702039196806025
174,-0.006881945465705296
175,-0.0027111944344326896
176,-0.003889022872476564
177,-0.000343912068306685
178,-0.0012051741116823008
179,-0.004759178509538774
180,-0.0053918978157633255
181,-0.0018082731387283168
182,0.0014822939808510145
183,-0.0032828837450102266
184,-0.004858009247302281
185,-0.003712349643203691
186,-0.004957414620741443
187,-0.007709197460457553
188,-0.002197206541970183
189,-0.0030915618585926393
190,-0.004046644892623844
191,-0.0033507491321522393
192,-0.0014747924679109992
193,-0.004153045671168921
194,-0.00261283877751658
195,-0.007376411454482149
196,-0.002914292699659609
197,-0.0032198202081497704
198,-0.004351350441502354
199,-0.00021012216925306976
200,-0.0038920239448289626
201,-0.005409815149242568
202,-0.0032450813426450594
203,-0.0019471913560863688
204,-0.0013202399202376534
205,-0.0009573062282000666
206,-0.004001148730529992
207,-0.002863972435438693
208,-0.0055137544403489535
209,0.0027339521277512787
210,0.002891672113848
211,-0.004297909627444112
212,-0.006559677911266348
213,-0.0005705451371281236
214,-0.0047075282758594255
215,-0.005697701054233127
216,-0.007926640905215014
217,-0.003756668295700759
218,-0.004540534700000198
219,-0.00023474184517167693
220,0.0010457583006224166
221,-0.003857738152547845
222,-0.0031819361657961045
223,-0.0019458305077200107
224,0.0013720441414273885
225,-0.0023104571879160006
226,-0.0024415061871402577
227,-0.006385452687937304
228,-0.003250005057137783
229,-0.005414515709968082
230,-0.004990013330139986
231,0.00040260309024181225
232,-0.0008762330730055105
233,-0.004042826775058151
234,-0.0027503362241324265
235,-0.00587517998956604
236,-0.0034597845843488393
237,-0.0020665974545651853
238,-0.006771099545860659
239,-0.0034669629759114086
240,-0.003098547192249797
241,-0.006397716847430861
242,-0.002277295396436693
243,-0.0002831666286598718
244,-0.00025318044463882704
245,-0.0028158111816623376
246,-0.0038428433724653553
247,-0.0052796314470266205
248,0.0009942192647268673
249,-0.0004499187516956995
250,-0.0021222152830887163
251,0.001717810927359413
252,-0.0033960870987177682
253,-0.003014961114806008
254,0.0009480409939372014
255,-0.003826751026247908
256,-0.003474149367309475
257,0.00019170813885903892
258,-0.0016810311518209741
259,-0.004448195232115617
260,-0.00179801194717526
261,-0.0032592922831460734
262,-0.00016481065658417816
263,-0.006188493244820347
264,-0.0034287747706611684
265,-0.0007442070362394491
266,-0.007906541720324504
267,-0.006537009069885239
268,-0.0037487977241426242
269,-0.005925032560284224
270,-0.0026282752899165784
271,-0.004920898838121394
272,-0.0040717877159862975
273,-0.003990265546121014
274,-0.006512703250393693
275,-0.004983642986015917
276,-0.002224666810341603
277,-0.0011607193315972266
278,-0.005752532107036766
279,-0.004008172070763776
280,-0.0021474610840938554
281,0.002713598091539003
282,-0.006244958243597207
283,-0.0010175387489073959
284,-0.0026074453734145978
285,-0.001682210987650933
286,-0.0040937706826022
287,-0.005065110334590788
288,-0.006106917444577701
289,-0.003043577871178311
290,-0.002815415025317373
291,-0.003546762943557017
292,-0.001395877386966471
293,-0.005056222900603071
294,-0.004202445122849545
295,-0.0031002791273795735
296,-0.004540674382034677
297,-0.0011797950279759696
298,-0.0030280284311717106
299,-0.002009023631516656
300,-0.001483590000296071
301,-0.005267441061537517
302,-0.004946075486101975
303,-0.006137269630309943
304,-0.006927174231875741
305,-0.004745914813884693
306,-0.0042492690412635915
307,0.0015272971341995486
308,-0.004552739517956752
309,-0.003390027588360507
310,-0.0027580783514535284
311,-0.0027449615710717244
312,-0.008075508440337342
313,-0.00023714149044501404
314,-0.0022204100308715682
315,-0.0011466375711227867
316,-0.003129256072174258
317,-0.0021338609938065856
318,-0.004318607568442772
319,-0.0028662101901168195
320,-0.0034419404040158647
321,-0.005183341425414532
322,-0.004005228431332706
323,-0.0026319087795588056
324,-0.0022890593877745668
325,-0.007850955582744798
326,-0.0043272878781660746
327,-0.004658123184469197
328,-0.005443374443303354
329,-0.00663201621133255
330,-0.001273813130629834
331,-0.004287787669285128
332,-0.0030275077743667947
333,-0.010779384975916162
334,-0.004989662307252716
335,0.0025087723389935184
336,-0.0014529224238097767
337,-0.003789884133379533
338,-0.005174849125277393
339,-0.0025982290189045
340,-0.0028196124056419024
341,-0.005479038630256342
342,-0.0010120913429525309
343,-0.0018391424799972527
344,-0.004535834674528312
345,-0.005577033399753836
346,-0.004508355779884182
347,-0.0025066632072807214
348,-0.005450596150361776
349,-0.004980428665190895
350,-0.007175406118513509
351,-0.004148872880222567
352,-0.0019712823097654745
353,-0.004381339377125831
354,0.001571432196015609
355,0.001285818241123376
356,-0.0012465821720522418
357,0.003794863499416107
358,-0.007398128206271132
359,-8.255085930897394e-05
360,-0.0026603064356027764
361,-0.005331810091964813
362,-0.003987772945271244
363,-0.005493639892363541
364,-0.005701279446409404
365,0.000865026339509444
366,-0.0035444351093995474
367,-0.0005332272975253439
368,-0.0041131398629479935
369,-0.002636382949068155
370,-0.006250586947287648
371,-0.004509953183624323
372,-0.0012253600093931763
373,-0.008080776651689372
374,-0.0046931840030665925
375,-0.0026112780429258793
376,-0.0025456731364273464
377,-0.0020456703684737162
378,-0.004324772531769403
379,-0.0010825390240666885
380,-0.0029453701864703536
381,-0.00017016345857999457
382,-0.001364608617790989
383,0.0024745149845178628
384,-0.006039964809890184
385,-0.0032416613317680166
386,-0.0032305847903951568
387,-0.004607074050795845
388,-0.0020022031470969194
389,-0.003581740348816437
390,-0.003104696918963935
391,-0.004116700401765718
392,-0.0028830789656645894
393,-0.0019388024412776703
394,-0.0015061877539412109
395,-0.007320000888521289
396,-0.002681273134464444
397,-0.004750111333718789
398,-0.002450537927808056
399,-0.001985849979992553
400,-0.003188872248127668
401,-0.007283207782217165
402,-0.005109660726724302
403,-0.005427941006467489
404,-0.0012407122715251257
405,-0.004782896981066888
406,-0.002375097729511042
407,-0.0015428217416489484
408,-0.004754325134376443
409,-0.0002727045140514205
410,-0.001907328411909483
411,-0.0033564224495960205
412,-0.0052057980897062695
413,-0.002120688644076777
414,-0.0016077979636248433
415,0.0002514218619248937
416,0.0025043484227122203
417,-0.0048912443722299494
418,-0.0022581098974952993
419,-0.0013759270070049475
420,0.0018308983332758124
421,-0.007044574007055891
422,0.0006768003178668902
423,-0.005513992936897718
424,-0.005371991800185276
425,-0.003504653494494468
426,-0.0020961565347959966
427,-0.0026897195768487534
428,-0.006426247219743236
429,-0.0009346463605005347
430,-0.0024404987039476963
431,-0.00190071108944047
432,-0.004882509421121186
433,-0.004154298804438312
434,-0.007922695412587638
435,-0.0042163219895050225
436,-0.0009676950889651376
437,-0.0019085148485698947
438,-0.0031542095832642375
439,-0.00595878052195262
440,-0.0024118358815519857
441,-0.005626201224183361
442,-0.008309609807821841
443,-0.004023914125645246
444,-0.0022273262200606845
445,-0.002291423069987684
446,-0.0014272291648970916
447,-0.005279221690751092
448,-0.005100380775172503
449,-0.0037439527580266606
450,-0.001140287304888624
451,-0.004480974149958398
452,-0.004359927708392208
453,-0.008381153314808059
454,-0.002746140319278875
455,-0.0056747797700233684
456,-0.005941239099702299
457,-0.0031587793871988897
458,-0.003390115736459539
459,-0.0024836175624958715
460,-0.009465579987710875
461,-0.002247905341310622
462,-0.00504533163760686
463,-0.00455210359293014
464,-0.005416315231944902
465,-0.004709670835384999
466,-0.006003431179951285
467,-0.002052701771582844
468,-0.00021964287435766083
469,-0.0019530970794241055
470,-0.0005473156226681714
471,-0.0022743512435627875
472,-0.00393453914501315
473,-0.004477844294349476
474,-0.0042637480416781075
475,-0.0035926450216257726
476,-0.006670112530645986
477,-0.0003621912588071655
478,-0.005946607095527071
479,-0.0026908307219104563
480,-0.00744560545878151
481,-0.004169336611198391
482,-0.0024559609826560144
483,-0.005988790550396287
484,-0.0008651691384986758
485,-0.002437254842840061
486,-0.004935628559659526
487,-0.0048060861665671474
488,-0.0059462915765717385
489,-0.004035199066604338
490,-0.0034901392298216116
491,0.0007424383773857179
492,-0.0002648063310565934
493,-0.001879899630089
494,-0.00047382219818292113
495,-0.0033712173115086645
496,-0.0013941046080673894
497,-0.0048604333343308164
498,-0.005550471354238455
499,0.0012709254351361808
500,-0.0021862225253748173
501,-0.0025424721879854207
502,-0.005300737254794973
503,-0.0048872871625504286
504,-0.0045019370347162855
505,-0.0051677538315847765
506,-0.004661599275960607
507,-0.0072666511626372065
508,-0.004243102527958014
509,-0.006470911131972164
510,-0.0031584693346738725
511,0.0009031387248455019
512,-0.00010001560517600382
513,-0.0021638514011000057
514,-0.002168097150385788
515,-0.0053509762239082855
516,-0.0051115879767930205
517,-0.005592950389971047
518,-0.004206266421133719
519,-0.0009014819806313639
520,-0.004130606298339047
521,-0.002022267372051422
522,-0.0020580859415219965
523,-0.006287482551206156
524,-0.0021747489752771253
525,-0.004063543341646182
526,-0.00839414771133711
527,-0.003893103367560718
528,-0.005529622868621399
529,-0.003062791557733637
530,-0.000589210886228842
531,-0.004073707265224391
532,-0.0019002636098559467
533,-0.005640430389479099
534,-0.001939101489220432
535,-0.004275600531975862
536,-0.00238593722666437
537,-0.0021458404888146116
538,-0.002261000220716547
539,8.776739188474457e-05
540,-0.0044808267934320035
541,-0.003298953063312229
542,-0.0033569074998624246
543,-0.003937837345524575
544,-0.0010503499372061238
545,-0.002447929723119821
546,-0.0036689166634521
547,-0.00611059927024983
548,-0.0011427607409214354
549,-0.004482072401758204
550,-0.003147940025289753
551,-0.0034522565159720493
552,-0.0023475596682220813
553,-0.0023619411186877213
554,-0.003375223829422665
555,-0.003137408228384437
556,-0.003282622500050808
557,-0.003877701578208546
558,-0.004051768363335865
559,-0.002731345605771892
560,-0.0035413543016205927
561,-0.004435372421054083
562,-0.0010812562721805984
563,0.00013149939469755736
564,-0.005280582836359593
565,-0.006186182477971928
566,-0.004394791227489747
567,-0.003255922185356292
568,-0.00731203611929441
569,-0.005996052393400718
570,-0.002682541591247293
571,-0.0029457629458209747
572,-0.0020836366226769823
573,-0.0052034460722391205
574,-0.0020103378399950207
575,-0.007720979681378311
576,0.0016764775984260737
577,-0.002921918927190072
578,-0.0020425153549620055
579,-0.001666207952607249
580,-0.0020166131846166865
581,-0.002117724704747804
582,-0.0032522715128115716
583,-0.004384375986365287
584,-0.0016868329707640103
585,-0.0012638172612317888
586,-0.0076774140793743305
587,-0.006109794784327852
588,0.0003346648080868336
589,0.0006833737462827767
590,-0.002124352132583506
591,-0.003473620264134192
592,-0.00380911139947244
593,-0.004328601891889651
594,-0.0009980361950963845
595,-0.004308642835157787
596,-0.0011612870131217847
597,-0.004082603166421042
598,-0.0036206231269425558
599,-0.002998017646740127
600,-0.00239785044417548
601,-0.003998479521422684
602,-0.0036198543462188375
603,-0.008298382801010156
604,-0.006176011147328076
605,-0.004692380482306281
606,-0.001928895253194449
607,0.005490968023919128
608,-0.001203968269392994
609,-0.005157060676291747
610,-0.005151533755664925
611,-0.003138235670291029
612,-0.007226539055243449
613,-0.002720550235421832
614,-0.0028009598777860964
615,-0.0036338912736732054
616,-0.004116355071863255
617,-0.004006886499845049
618,-0.0021609573373077384
619,-0.00018825612577258994
620,-0.002222954467949236
621,-0.004502397326624961
622,-0.0037592311406758603
623,-0.005399714888125407
624,-0.002667586926593462
625,-0.002361574241291576
626,-0.003296544555534402
627,-0.0033533135082019707
628,-0.0032008743944457333
629,0.0001654513761095176
630,0.002180462517673977
631,-0.007646767584538557
632,-0.0028908474063803484
633,-0.002279690437433276
634,-0.0012519837097129413
635,-0.006986343859514333
636,-0.0031395545644650044
637,-0.004197542518684724
638,-0.004127877626467253
639,-0.00572784380240417
640,-0.0034451568259510497
641,-0.00011021181342916313
642,-0.005470446233875836
643,-0.004554758200252504
644,-0.0045887521678395545
645,-0.004763849083765312
646,-0.0009660484532455685
647,-0.003647262194066339
648,-0.002070096750562498
649,-0.007822349764432171
650,-0.001034318553715843
651,-0.006357529347116974
652,-0.0035119963916811015
653,-0.00228587280817114
654,-0.0046522639091831795
655,-0.00392868835404523
656,-0.004899531711163034
657,0.001231153171579034
658,-0.007743703861449284
659,-0.003170669052840681
660,0.0005593343376999536
661,-0.0026256072807716597
662,-0.004139992462155242
663,-0.006845022138530831
664,-0.004742649364020525
665,-0.005784892186344264
666,-0.006831213664353674
667,0.001033558974135096
668,-0.007004350198454995
669,-0.0024570155255057144
670,-0.001656327117432388
671,-0.0036838577804810314
672,0.0068029148827639515
673,-0.003329386483880623
674,-0.0028433760613280758
675,-0.005807706395301478
676,-0.004095210342717136
677,-0.006886492687878459
678,-0.00570204403541525
679,-0.0010175141478201825
680,-0.005013378200433934
681,-0.003488585133266041
682,0.0014078435368236812
683,-0.001287171513225282
684,-0.0007136307007247214
685,-0.0013005856231434459
686,-0.004279074862576881
687,0.001407442214353768
688,-0.0030609089835127706
689,-0.006168091130578017
690,-0.00041252267383698563
691,-0.0009180111265294602
692,-0.003321065118172878
693,-0.004392489663025997
694,-0.003821954101638247
695,-0.003016915914490921
696,-0.006231840362988367
697,-0.0064952572629023006
698,-0.004908716197569085
699,-0.0027973011153521366
700,-0.00750399195938059
701,0.0009600311487227733
702,-9.244890432094146e-05
703,-0.001936139585261488
704,-0.0006694473266253219
705,-0.004916420754513793
706,-0.002452751716935908
707,-0.005666040874762055
708,-0.007217394060075384
709,-0.0024248513685437077
710,-0.0038404084099712536
711,-0.004224451345031417
712,-0.0010035374830563084
713,-0.00702778049276995
714,0.003101857762663814
715,-0.0007143818399489939
716,-0.0042944227332869615
717,-0.006422715702882749
718,-0.003992233862136136
719,-0.003949559208949936
720,-0.00504633892231287
721,-0.002930568577254512
722,-0.0036837952322743175
723,-0.0009595934593615083
724,-0.004713290462711489
725,-0.003695867832572479
726,-0.0017552551741760111
727,-0.0067983888344795495
728,-0.008951356898303866
729,-0.0013317868989963322
730,-0.003067216895322997
731,-0.0037233287250665907
732,-0.006089049950604241
733,-0.004706633808245502
734,0.0010432802256034612
735,0.0001631659679690472
736,-0.004619135551904095
737,-0.0029559716862420796
738,-0.004958946302663606
739,-0.0027389176542236735
740,-0.0011912023977523347
741,-0.002737535299190692
742,-0.006092620470320107
743,-0.0019691082331966723
744,-0.00434386127696154
745,-0.00103081848279206
746,-0.007758414792848838
747,-0.008432396684944287
748,-0.0033875368920011036
749,-0.004470577001198581
750,-0.002083789521887132
751,-0.001702066086747161
752,-0.0030437969060546724
753,-0.008146411735387984
754,-0.0009142700491992569
755,-0.004901972221059379
756,-0.0003260417977461032
757,-0.0032258138377986413
758,0.0002323133469580096
759,-0.005917576677036626
760,0.0005821135433791823
761,-0.005508912822194206
762,-0.002514877871620226
763,-0.003556278757063128
764,-0.0024690643510496667
765,-0.007306210365677038
766,-0.006381179027200455
767,-0.0051019768608156916
768,-0.005940902849288693
769,-0.0026244660201182597
770,-0.002556785755382337
771,-0.005844894897314209
772,0.0009312240360260179
773,-0.003524987852532677
774,-0.0021197870985146514
775,-0.002269041451699702
776,-0.00221265476132844
777,-0.0021394742142804937
778,-0.004613334669970296
779,-0.0019615820919774746
780,-0.005734955949663332
781,-0.007279433739730113
782,-0.0027546400679059955
783,-0.002718923034409804
784,-0.003730213025101099
785,-0.0032927954739245366
786,-0.0036015450106232673
787,-0.005260623988625605
788,-0.0014795209938715738
789,-0.0013357363019543512
790,-0.005318916601789604
791,-0.0035210051085783236
792,0.0028995274575539915
793,-0.0013287885601746413
794,-0.004619069441904539
795,-0.006083443929881865
796,-0.0014173919937159735
797,-0.0024588281804809823
798,-0.0034239973136253325
799,-0.0009395712488675917
800,-0.004266739628412228
801,-0.006659971272583765
802,-0.002810584518363923
803,-0.0013322900177916146
804,-0.002073041104677925
805,-0.0038198940341329013
806,-0.0067370448100846
807,-0.002915379705805789
808,-0.004104443010428402
809,-0.00846572652657176
810,-0.0022125566993190784
811,-0.0035356418508307188
812,-0.0019663641892448537
813,-0.0045368375548894635
814,-0.0023035148851640323
815,-0.006287726628336331
816,-0.004980169719892923
817,0.0026819620223296906
818,-0.0015953583730246986
819,-0.003633931413001336
820,-0.005618498893636335
821,-0.00474450988358919
822,-0.005275388498263638
823,-0.0013914916641641233
824,-0.0024868911343415494
825,-0.0019225730679044107
826,-0.004013839918620989
827,-0.0031458705591271095
828,-0.0029371126200386103
829,-0.0067436984286112
830,-0.0020304090022700443
831,-0.00535721945440248
832,-0.004010986857806588
833,-0.0004632847445285723
834,-0.002156932178174648
835,-0.0034237655418116937
836,-0.003359860902040149
837,-0.004278675269802049
838,-0.0018934720326357253
839,-0.005788695842091691
840,-0.0015863001928035877
841,-0.0023683769515674565
842,-0.0013560326767175484
843,-0.0035156448706757004
844,-0.005867120458965387
845,-0.008751897329700978
846,-0.001941482000274
847,0.0005319450037648354
848,-0.004032675014090965
849,-0.001777256587832518
850,-0.006769026083425866
851,-0.0015942089199146364
852,-0.0023045845477148315
853,-0.0001829309723230134
854,-0.00805886175652244
855,-0.00601351503070845
856,-0.0046638713838279165
857,0.0004283751565187218
858,0.0007951039384380815
859,0.0004171427377808003
860,-0.004535644508282362
861,0.0012437012368140203
862,-0.0048274210099918426
863,-0.005576518802859385
864,-0.0022976785187233994
865,-0.004486902506224849
866,-0.0022364639105118367
867,-0.007094706893828771
868,-0.003885401140009249
869,-0.003454114968728018
870,-0.005771742596564533
871,-0.004343141636082283
872,-0.008881158247505605
873,-0.0038221085871496014
874,-0.00286613036415933
875,-0.004516303343259246
876,-0.0045200976268800815
877,-0.0018186430517338355
878,-0.001660181844246134
879,-0.004676880252502227
880,-0.0009735656342524686
881,-0.004740819650025061
882,-0.0021158961741595955
883,-0.0014220577650794848
884,-0.005502678158291103
885,-0.004648293786417087
886,-0.0008060789843620087
887,-0.000546378145096723
888,-0.005718156457632521
889,0.00299777937724613
890,0.00035584204266195365
891,-0.0042043017664874635
892,0.006118528060047111
893,-0.005521693762774388
894,-0.0009017920585127311
895,-0.005167999005936833
896,-0.005752942830585883
897,-0.0038720109565113705
898,-0.005630997398163124
899,-0.005172129137994445
900,-0.002349841238204794
901,-0.0016410671350965667
902,-0.0037759304530038816
903,-0.0033430052332866092
904,-0.004009686383438728
905,-0.003796441486933155
906,-0.004490216153388303
907,-0.0020286914623818294
908,-0.001554575121775947
909,-0.002418729731739412
910,0.0028839287725251927
911,-0.0058479729688988725
912,-0.0030238863290872275
913,-0.00817175675899558
914,-0.00550084011701199
915,-0.0025806964281073178
916,-0.004153587653525003
917,-0.0038429988229002183
918,-0.0016971687785331464
919,-0.0012537307346914856
920,-0.005329821629432746
921,-0.005460515532368605
922,-0.002442435153644081
923,-0.004886073841939828
924,-0.0034524826232378604
925,0.001464573946287285
926,-0.002331582638306073
927,-0.0048578703028435855
928,0.0015658515507092458
929,-0.002751504634074236
930,-0.006920878834965843
931,0.002093991394261457
932,-0.004805269025644341
933,-0.004211903871656178
934,-0.004102175585067662
935,0.0002642465772929994
936,-0.002659459147115159
937,-0.001926416706679775
938,-0.005455340713064117
939,-0.0018335373987315609
940,-0.003434342266589263
941,-0.0013803197785503829
942,-0.0036265315699370608
943,-0.004630022906745464
944,-0.007928230736151145
945,-0.0038680362153316133
946,-0.00012333888093923531
947,-0.008307142859868135
948,0.0014550198067150898
949,-0.0055312624807466616
950,-0.0040647119537522884
951,-0.0007003024055793759
952,-0.0014826471308848432
953,-0.0057772103220645075
954,-0.0028391734443461054
955,-0.004987971830917097
956,-0.005724395208422708
957,-0.0027853382087102744
958,-0.005365375907710333
959,-0.004362177977785192
960,0.004018521269473851
961,-0.005106448949713287
962,-0.0014443394928074034
963,-0.0009778694962495494
964,-0.0022570077903775513
965,-0.0038483458180229076
966,-0.003909224414637801
967,-0.000514442827241329
968,-0.0022098188919414635
969,-0.0030526543074487883
970,-0.0018804936572961383
971,-0.006431131065986692
972,-0.003735629699267893
973,-0.005289602914371283
974,-0.0015555255517034194
975,-0.006417508999875738
976,-0.005608105240504792
977,-0.003979618786629928
978,-0.0040566537637088465
979,-0.005993650279625716
980,-0.007208227786600599
981,-0.0034603440611689854
982,-0.0057345322125769175
983,-0.004035049536560754
984,-0.005143994835162828
985,-0.002735749417275032
986,-0.002745960716092276
987,-0.003180157164447803
988,-0.0023404712486788507
989,-0.003823069803157202
990,-0.006839584386365281
991,-0.007006518560541734
992,0.0008564113095336245
993,-0.006069640449430252
994,-0.0017159510627470379
995,-0.005515814128885574
996,-0.0005855394574203506
997,-0.007895760852143224
998,-0.004990647801090412
999,-0.0067686269264133165
1000,-0.0027548533223743722
1001,-0.0023768820175712464
1002,-0.004286710857852863
1003,-0.003169084578378344
1004,-0.0018194895865747262
1005,-0.0024499121396699425
1006,-0.003163215134156608
1007,0.001138956180024749
1008,-0.002753469415879581
1009,-0.0008769713578524397
1010,-0.0025202521021582555
1011,0.003588497754907797
1012,-0.005754575579066773
1013,-0.0025905095167736703
1014,-0.003988116640208885
1015,-0.00674187762440051
1016,-0.0063716124202267506
1017,-0.0018968131091695376
1018,0.003190963486482941
1019,-0.0009501431089229649
1020,-0.004472591216316392
1021,-0.0022124135293595092
1022,-0.007179701280445124
1023,-0.0033378887618696366
1024,-0.00014544532191114316
1025,-0.00048698594311252807
1026,-0.00205269230197667
1027,-0.0022255470451729223
1028,-0.003655008326849093
1029,-0.003803893834969599
1030,-0.004893255361411752
1031,-0.0017170696865161984
1032,-0.007213923885865296
1033,-0.0052812576685758224
1034,-0.00273402631420521
1035,-0.0007487463329269684
1036,-0.002588614473303386
1037,-0.004864578125553258
1038,-0.0042715965388570995
1039,-0.002430580322850265
1040,-0.006040917060833956
1041,-0.0031686032520993313
1042,-0.002125187352025457
1043,-0.006872735150329076
1044,-0.004390182476716564
1045,-0.0074508932969632215
1046,-0.0018410157550085228
1047,-0.001531761840711378
1048,-0.003998587549743234
1049,-0.002104591064894635
1050,-0.0006661751075263805
1051,-0.00198514718966862
1052,-0.0039991917122783735
1053,-0.003061639894338765
1054,-0.0018869989852192395
1055,-0.0023255553114780655
1056,-0.0065604743669568505
1057,-0.0002912398006648526
1058,-0.0002431008022209899
1059,0.001435759172435331
1060,-0.0008962641121621494
1061,0.0015456775714570215
1062,-0.004569705424421366
1063,-0.000877409642561003
1064,-0.0003803171133963743
1065,-0.004891457717952063
1066,-0.0024430341733599906
1067,-0.005604614761029714
1068,5.99089251202528e-05
1069,-0.008486740764407578
1070,-0.004760477456112728
1071,-0.008228150809689
1072,-0.002361205832392224
1073,-0.003445847934432815
1074,-0.004856751672887817
1075,-0.0033945933928003066
1076,-0.006647517218756915
1077,-0.002486384954346873
1078,0.001090815365340999
1079,-0.003016017073666833
1080,-0.00013833236381934394
1081,-0.0027793867019316344
1082,-0.00042802266995388687
1083,-0.003548795255266049
1084,-0.0024554768129745747
1085,-0.004668656236479259
1086,-0.006507300694446381
1087,-0.0024819849727797
1088,-0.00025428891102956063
1089,-0.0040890690245341706
1090,-0.005138195364689061
1091,-0.003540705298758141
1092,-0.005722740373444952
1093,-0.0033554301038377123
1094,-0.005390501075900483
1095,-0.005638083956793074
1096,-0.003099817886188743
1097,-0.005789077575106064
1098,0.001507028820599951
1099,0.0012503599260238608
1100,-0.004856539236647927
1101,-0.0036947397745331866
1102,-0.0037504965663461174
1103,-0.0026787932770310757
1104,-0.003825515250974065
1105,-0.0038135273867506013
1106,0.00036832444683081487
1107,-0.003979198432699109
1108,-0.00562254431082901
1109,-0.00491229973331619
1110,-0.0031254028001703707
1111,-0.0029587348402284074
1112,-0.006034810526546997
1113,-0.0006680842477965374
1114,-0.003928989216486088
1115,-0.003283773561104248
1116,-0.00678476942041981
1117,-0.0015944761902148955
1118,-0.006491774376330835
1119,-0.005093287274097772
1120,-0.005298565727157688
1121,-0.0029108088566284526
1122,-0.0019490016651849604
1123,-0.0028129362830662395
1124,-0.0061826061973813485
1125,-0.004672248127379779
1126,-0.0024042666758411564
1127,-0.007271815856507212
1128,0.00081347382216761
1129,-0.00208329356701269
1130,-0.0020991743427423892
1131,-0.00161656103976248
1132,0.003978024878235368
1133,0.001462398608588148
1134,-0.004749021434466165
1135,-0.008120576753698117
1136,-0.0024675642556126025
1137,-0.005058083612834879
1138,-0.008026271864046317
1139,-0.004297509573050524
1140,-0.004377825613801307
1141,-0.005383441836029204
1142,-0.0009597918610389583
1143,-0.0032975622296235875
1144,-0.01028952212498871
1145,-0.0010396878493755498
1146,-0.0021140917323955438
1147,-0.004441347616576613
1148,-0.006127784834804726
1149,-0.006070260437703675
1150,-0.0006801624055287474
1151,0.001618447036180624
1152,-0.0046943234313154975
1153,-0.0035810357096826596
1154,-0.0019575364065668216
1155,-0.001653329241136021
1156,0.0020161499823345376
1157,-0.005484262034463199
1158,-0.0071081795236556744
1159,-0.00025625024523708056
1160,-0.002331771529178829
1161,-0.0030076649759119964
1162,-0.00199877833799547
1163,-0.005975159334552326
1164,-0.004341665229506841
1165,-0.010354750028553374
1166,0.000574864131383547
1167,-0.0060105274813941015
1168,-0.0013443951142048068
1169,-0.00421346370681266
1170,-0.0031210409247225995
1171,-0.0016160125821487808
1172,-0.0037498602423232633
1173,-0.0019158379994501326
1174,-0.00404101916935912
1175,-0.0028210127089777284
1176,-0.006312559850032719
1177,-0.002862918891656371
1178,-0.007200483667564017
1179,-0.0015123488870168987
1180,-0.006051675894524878
1181,-0.0033911536085484357
1182,-0.0069238550714809085
1183,-0.007607192501699739
1184,-0.0013775951607429347
1185,-0.0018867409351032316
1186,0.0010674989502475849
1187,-0.006015793203566285
1188,-0.0028337696562129333
1189,-0.006069064504599214
1190,-0.007643348728658162
1191,-0.0030449626100418773
1192,-0.005893723915957147
1193,-0.005289652878500674
1194,-0.0002553253909299223
1195,-0.0012263330619304577
1196,0.0010694698430859248
1197,-0.004860240495605584
1198,-0.003199619063564263
1199,-0.00781779611289746
1200,-0.002442512273595683
1201,-0.0012474708367809847
1202,0.001140108877957526
1203,-0.003994130767293773
1204,-0.005644925527206371
1205,-0.0030845963047395975
1206,-0.006100954840216492
1207,-0.00347648373692452
1208,-0.003960054267780143
1209,-0.001382157588983602
1210,-0.003570120050132955
1211,-0.003623830033191686
1212,-0.00033898164850934743
1213,-0.004531813403332648
1214,-0.005149817034905524
1215,-7.136845733050651e-05
1216,-0.0008323053225375595
1217,-0.004046121532105379
1218,-0.007153764041631592
1219,-0.0031327522492980817
1220,-0.0017402387782483192
1221,-0.0017825388746648219
1222,-0.004494548396969564
1223,-0.005474141973868398
1224,-0.0027880107105642074
1225,-1.3066144821863575e-05
1226,-0.004287857493369492
1227,0.0012464449712300764
1228,-0.0024660375991083787
1229,-0.004571098175008857
1230,-0.0014756864342944471
1231,-0.00490308263780107
1232,-0.002736907554251062
1233,0.000608706471240719
1234,-0.0008257037101415546
1235,-0.0032549946876337366
1236,-0.003398451748988102
1237,0.003463061384374021
1238,-0.008535805206525965
1239,-0.007860755947119744
1240,-0.004622902631329407
1241,-0.004089991890886926
1242,-0.004830480379344775
1243,-0.00468034181573587
1244,-0.0032849635801015637
1245,-0.0011806260562793925
1246,-0.004721380845302537
1247,-0.0025458972153389503
1248,-0.00617817829650033
1249,-0.003650292889968589
1250,-0.0037717739290654595
1251,-0.004770591946487804
1252,-0.0041463696975911485
1253,-0.004383053600331787
1254,-0.0006913571854871771
1255,-0.0011589448751384266
1256,-0.006129212003803137
1257,-0.002594048186936131
1258,-0.002145206129157642
1259,-0.0017283698628970305
1260,-0.0044844966020331865
1261,-0.0012680872941967167
1262,-0.005394256382724891
1263,0.0032069040505769268
1264,-0.0015763540322415257
1265,-0.003561447436735398
1266,0.002763193100086171
1267,-0.002258572814286106
1268,-0.005552842492430206
1269,-0.0016483702099201205
1270,0.0007369656065415604
1271,-0.003815539159880298
1272,0.0021489929852889986
1273,-0.005369484195446363
1274,-0.005125135259502252
1275,0.0001590549008175958
1276,-0.002838536153313293
1277,-0.0036360752169021697
1278,-0.005603130426785638
1279,-0.005126724836948015
1280,0.002367452811019941
1281,-0.0026265555168536446
1282,-0.0014150211670827197
1283,-0.0028731194420916033
1284,-0.00701141679238117
1285,-0.0007049102698832907
1286,-0.004852954234390079
1287,-0.003451394989649405
1288,-0.002345215535084524
1289,-0.0018335819756141456
1290,-0.002116254392196168
1291,-0.0032929371000556366
1292,-0.0018156319920471658
1293,-0.0038170956614389903
1294,-0.0016784100524331338
1295,-0.0019017025965875328
1296,-0.00955312216349488
1297,-0.006333206039050851
1298,-0.000312657005736766
1299,-0.0051685503799742275
1300,-0.007693519429226977
1301,-6.230875411003956e-05
1302,0.003591520156371987
1303,-0.0065586620104790974
1304,-0.00041505138268146876
1305,-0.004654379441321435
1306,-0.00415804693919823
1307,-0.0006904915281501646
1308,-0.0030808978633319922
1309,-0.0003983490771703279
1310,-0.006070677973839271
1311,-0.006080469102741161
1312,-0.0035004551623139288
1313,-0.004206554941661534
1314,-0.003947017232669773
1315,-0.00023823645851698855
1316,-0.008312919792467502
1317,-0.0022679018026556443
1318,0.0014458407788789423
1319,-0.0015448544441546042
1320,-0.004237079907206781
1321,-0.004599726547256033
1322,0.006498876959185776
1323,-0.007161309571404194
1324,-0.002008742915164445
1325,-0.0001888859377527793
1326,0.0013452080612825527
1327,-0.005196048663433332
1328,-0.003200978217055091
1329,-0.004973182556916252
1330,-0.007324073282159902
1331,5.7569950319194374e-05
1332,-0.0017811707768054736
1333,-0.0033927180284935893
1334,-0.005858418560945075
1335,-0.002648231979496767
1336,-0.0008614582903136612
1337,-0.008696463975369275
1338,-0.004271620265472652
1339,-0.0036244824951216044
1340,-0.0019986279075464896
1341,-0.002219473647245031
1342,-0.0037742799361493067
1343,-0.0008508166180898495
1344,-0.00955036421777497
1345,-0.0037377972641013755
1346,-0.004555122308585987
1347,-0.001928081298516843
1348,-0.006157007832187477
1349,0.00020688575533011816
1350,-0.004858280274271016
1351,-0.004675143144265027
1352,-0.00481547249368478
1353,-0.0025629716120370164
1354,-0.0013557521757034052
1355,-0.002468389871781522
1356,-0.005458841491321434
1357,0.0019874112286423695
1358,-0.00220017934035099
1359,0.002370149167503397
1360,0.0007328215935990602
1361,-0.0005784436740623879
1362,-0.003598595192791074
1363,-0.00263204450176038
1364,-0.001474858367489492
1365,-0.00023335688758388906
1366,-0.0001742637628556244
1367,-0.002822938618488688
1368,-0.00469979814568478
1369,-0.0030211087094534766
1370,-0.0026524084177699235
1371,-0.005174282221356123
1372,-0.003514701084529811
1373,0.0025836211246005594
1374,0.0001134997516204055
1375,-0.005241834678695595
1376,-0.003862981709715455
1377,-0.00425336744672714
1378,0.005246034678258821
1379,-0.0031814198404430576
1380,-0.0022650714896938623
1381,-0.00230629809976616
1382,-0.002648245067154982
1383,-0.006222152800914797
1384,0.001565197132426552
1385,0.0005671941797129712
1386,0.002742578355693032
1387,-0.004181068565713421
1388,-0.0015744537337042668
1389,-0.005593969433995193
1390,-0.005711494401742385
1391,0.0003602182875456071
1392,-0.005376757939963594
1393,-0.0012558054753048383
1394,-0.005026050077332322
1395,-0.00227207350004504
1396,-0.0032956267200304726
1397,-0.0017100651709846563
1398,-0.0005018928934493725
1399,-0.0022945266525038694
1400,-0.00401225833455263
1401,-0.0043299504494725815
1402,-0.008784422041910572
1403,-0.0055957487501707565
1404,-0.0032990133726523273
1405,-0.0028657295106508975
1406,-0.0059607426562785564
1407,0.0009922160204556875
1408,-0.0022799719811209995
1409,-0.0019869054214753665
1410,-0.005846994625922057
1411,-0.002710397010613219
1412,-0.002322226373661944
1413,-0.004008074486335625
1414,-0.0005308882467548677
1415,-0.008149570516967812
1416,-0.004489884254494035
1417,-6.581101497314216e-05
1418,-0.004674625208926212
1419,-0.0007400078792254462
1420,-0.0012353459647545095
1421,-0.004775357175976368
1422,-0.0018578989346239381
1423,-0.005268091009683961
1424,-0.004147571063305542
1425,-0.0046875754965087875
1426,-0.0010514454309287016
1427,-0.005012951138212911
1428,-0.0016957535444318591
1429,0.004842201711797918
1430,-0.004400429524365343
1431,0.0005001508165360585
1432,-0.005611099325751016
1433,-0.0035282548207304977
1434,0.005532334355486897
1435,-0.0034362310427242335
1436,-0.0035438470030335458
1437,-0.004900902338544042
1438,-0.00542021924564005
1439,-0.006073947067622154
1440,-0.0033137644003913874
1441,-0.006302092812224758
1442,-0.005247318644368707
1443,-0.0075334118188046875
1444,-0.006124204296532284
1445,-0.0028245598519464617
1446,-0.004605189070081622
1447,-0.0024223040506324983
1448,-0.007259237327367206
1449,-0.0021634677158897746
1450,-0.0034360217541435385
1451,-0.004028061569665708
1452,-0.003508064576750115
1453,-0.004777859617779912
1454,-0.003862846535980285
1455,-0.0019017662029516666
1456,-0.004948117140058658
1457,-0.004081938045738147
1458,-0.0029740363896484166
1459,-0.0013360392932242413
1460,-0.005692001176081685
1461,-0.0039368704755302335
1462,-0.0037791253064636877
1463,-0.0012723149864501328
1464,-0.006109379795050989
1465,-0.0006542200553544564
1466,-0.003360252222308227
1467,-0.0027402251660876504
1468,-0.005742577083256449
1469,-0.0064515279441800955
1470,-0.00774945613348042
1471,-0.0057940493299054084
1472,-0.003365735688133771
1473,-0.002096434403866267
1474,-0.0028586978585256103
1475,-0.002287334509003677
1476,0.003077634367014536
1477,-0.003290560016052762
1478,-0.0028211271786468812
1479,-0.002622456292876317
1480,-0.0014291305972485909
1481,-0.0026762500166332766
1482,-0.0009348776572256249
1483,-0.0027344392143464095
1484,-0.003130397681175372
1485,-0.011057307478861238
1486,-0.005231458212540168
1487,-0.002579022506193413
1488,-0.0014256042499244913
1489,-0.007418578468835073
1490,-0.0013926564440313004
1491,-0.006690457191369183
1492,-0.004580804825422405
1493,0.0005764081512745823
1494,-0.006041894137105658
1495,-0.0021098989653932183
1496,-0.0038342621836001027
1497,-0.004075886200676807
1498,-0.001317538923255442
1499,-0.004116452246735795
1500,0.002144368807153829
1501,-0.004404004954067066
1502,-0.0034138795576241342
1503,-0.000565358735765254
1504,-0.003796983705949458
1505,-0.00390187225920619
1506,-0.004715980999059988
1507,-0.004828950545595248
1508,-0.0040077490583215235
1509,-0.0022716249192530113
1510,-0.000538847580715562
1511,-0.004280303026808175
1512,-0.000366038340107287
1513,-0.0025452250417541053
1514,-0.004189511985560183
1515,-0.002440041019168575
1516,0.0005607459172952591
1517,-0.004895865896249244
1518,-0.0036473193880791842
1519,-0.004759239996670768
1520,-0.008863774063749736
1521,-0.004270259146078579
1522,-0.0036453735282544904
1523,-0.000970901094739267
1524,0.001045503595445763
1525,-0.003180924475916311
1526,-0.0027332892114002427
1527,-0.0011438487926383328
1528,6.88378191791272e-05
1529,-0.003183543604204087
1530,-0.002167939805229964
1531,-0.0035469868676233423
1532,-0.001947525166860286
1533,-0.005709793536587404
1534,0.01008822449498208
1535,-0.0025688532430904287
1536,-0.00318028832481758
1537,-0.002547590922074515
1538,-0.007685921487761967
1539,-0.0010202287712108233
1540,-0.002247529047541084
1541,-0.0053056907472623874
1542,-0.002099734124056604
1543,-0.001299592900382447
1544,2.6059262583023426e-05
1545,-0.00613662882106795
1546,-0.006086727997530263
1547,-0.006440441212087851
1548,-0.006113617988899389
1549,-0.005992804077388115
1550,-0.005569172268204029
1551,-0.0019878737326307003
1552,-0.002270124862892316
1553,-0.004059403457090867
1554,0.003804495357714436
1555,-0.004926215770765219
1556,-0.004063882276491452
1557,-0.003309381694782533
1558,-0.0016631591443143018
1559,-0.0024421287995835886
1560,-0.004272238764373641
1561,-0.002569538983488568
1562,-0.007978219185188767
1563,5.3850054772755485e-05
1564,-0.007420672841541667
1565,-0.0017025504588735036
1566,-0.008157221769148825
1567,-0.005329154169301138
1568,-0.004705806725219082
1569,-0.0033615835176792085
1570,-0.006066121762248196
1571,-0.005870328332371602
1572,-0.004582652029594281
1573,-0.0002626727508282527
1574,-0.004029983971059759
1575,-0.0003201027734947986
1576,-0.004429579584331821
1577,-0.002271322520175284
1578,3.207353483349485e-05
1579,-0.004069363093350204
1580,-0.001050641431830966
1581,-0.0031939065571181123
1582,-0.0031365935246578385
1583,-0.0036906594965445106
1584,-0.004088386549488354
1585,0.00027824338745674785
1586,-0.0036551229406922786
1587,-0.006730178312038211
1588,4.01176851707802e-05
1589,-0.002582413364590407
1590,-0.004184969700672091
1591,-0.002745036262267134
1592,-0.0049494724841052645
1593,-0.00043207402636808313
1594,-0.0063407574555810345
1595,-0.00439222159628666
1596,-0.002267901001438156
1597,-0.0012556289836556731
1598,-0.0044161328411533645
1599,-0.00045038433486224933
1600,-0.007171205833790719
1601,-0.004483072515733161
1602,-0.005024690639991187
1603,-0.003765039526756334
1604,-0.003348250166170425
1605,0.0030925358515312847
1606,-0.00219064065092075
1607,-0.0032949159181693602
1608,-0.006873624874632757
1609,-0.002980163673818488
1610,-0.007663153443244752
1611,-0.0025019084666824073
1612,-0.0043336599699162984
1613,-0.0014595832148601895
1614,0.0021703934266012583
1615,-0.006025849170131932
1616,0.003106677840740084
1617,-0.007317903363039631
1618,-0.000991358141806135
1619,-0.005669869521247507
1620,-0.0014715317525081648
1621,-0.004574480207811254
1622,-0.0027956329302321137
1623,-0.005243072510783181
1624,-0.003996798041310039
1625,-0.003978522187064213
1626,-0.0054889355500825545
1627,-0.0040303061029965245
1628,-0.0011998572522185014
1629,-0.0011185468692603956
1630,-0.004720587170109849
1631,-0.0018544930013579828
1632,-0.0018163375465179577
1633,-0.0021765459549755875
1634,0.0022386078959714378
1635,-0.0016970071999579145
1636,-0.002516288941154631
1637,-0.0008333752191546948
1638,-0.007318822307078099
1639,-0.0012072437801053564
1640,-0.0032872487001297155
1641,-0.006003249235608051
1642,-0.003236548501089736
1643,-0.001122668983445081
1644,0.0007648973819561052
1645,-0.007443097849179325
1646,-0.003626301373002613
1647,-0.000427256763623927
1648,-0.0028961259974926144
1649,-0.0011603168701385458
1650,-0.0011240937169759387
1651,-0.0019263686569239058
1652,-0.0007687970611547189
1653,-0.004332011984743259
1654,-0.00588335045711275
1655,-0.004328435485852499
1656,-0.002725311839554361
1657,-0.0007191268014702467
1658,-0.006916180147769511
1659,-0.005921799371708521
1660,7.613468622506257e-05
1661,-0.003670643185274454
1662,-0.006396816871213835
1663,-0.0025247847717567383
1664,-0.0049191224417130695
1665,-0.0033111113622313775
1666,-0.001545145889591562
1667,-0.0016428471990430208
1668,-0.002839126196525541
1669,4.1655426193993264e-05
1670,-0.005506504121764204
1671,0.0006655868152493053
1672,0.0014326803717688028
1673,-0.0012066854029073612
1674,0.00014254979306123336
1675,-0.0004998095157609444
1676,-0.005236145677865212
1677,0.00073630348651087
1678,-0.001318609976191169
1679,-0.006565270264119206
1680,-0.002027109579133073
1681,-0.003775544640848739
1682,-0.003984617787155193
1683,-0.008855756626147817
1684,0.0006355562626027805
1685,0.0014162435677984066
1686,-0.006734122052151921
1687,-0.0025391326536920228
1688,-0.005497538074424397
1689,-0.006018114368637418
1690,-0.0055844803634164265
1691,-0.005521038312621875
1692,-0.0001743499759695037
1693,-0.0057505876609886975
1694,-0.0046412602729083334
1695,-0.0062379667259293775
1696,-0.00303485958073508
1697,-0.0030734729030852635
1698,-0.005344056102394305
1699,-0.0025467505880707023
1700,-0.0020674083853188794
1701,-0.002058791661269223
1702,0.002338511545333454
1703,-0.006384277036473457
1704,0.001742138327477171
1705,-0.002090410339605242
1706,-0.0012131554603688887
1707,-0.0002802265010873709
1708,-0.0027863140743992626
1709,-0.004957563668492128
1710,-0.0054301108731650855
1711,-9.40247683683077e-05
1712,-0.003819450667442977
1713,-0.002155950279611334
1714,-0.006685629303393217
1715,-0.005278091463251092
1716,-0.005307353282932574
1717,-0.0022133267464609324
1718,-0.007599484590135562
1719,-0.0021127402632063405
1720,-0.003466212185542096
1721,-0.002831853462380876
1722,-0.0045617490398804595
1723,-0.0018264303704134102
1724,-0.00046032756915769245
1725,-0.0053650011912693505
1726,-0.002972101659886294
1727,-0.0013632117200246385
1728,-0.007102576448326995
1729,-0.003935893929305733
1730,-0.0013211810660789204
1731,-0.00030702649495171537
1732,-0.00864862649991508
1733,-0.006742113279375275
1734,-0.004700407894816826
1735,-0.006107917198837164
1736,-0.006063605555272013
1737,-0.004717263362980908
1738,-0.005303257279945142
1739,-0.0020372404675770613
1740,-0.0002456005648567913
1741,-0.0018581209168515905
1742,-0.00780918911369711
1743,-0.00524190580678792
1744,-0.002277551657741141
1745,0.0005200568713973553
1746,-0.007142054698304528
1747,-0.002306159742733671
1748,-0.006834250708379275
1749,-0.005332366660017418
1750,-0.009371030652267826
1751,-0.004843695600455498
1752,-0.0034097273760375127
1753,-0.006546645014878394
1754,0.0003927369995844226
1755,-0.006529494629396673
1756,-0.0056948600641459545
1757,-0.005911108741886052
1758,-0.002963187643674219
1759,-0.002639350812375268
1760,-0.004375914932137054
1761,-0.002554700847568585
1762,-0.005413564609233413
1763,-0.003452274696794186
1764,-0.0035855935164744836
1765,-0.0008424698760570959
1766,0.0011211382315929478
1767,-0.0021110128803738053
1768,-0.002629944323469333
1769,-0.0034654039414120453
1770,0.0009975434109188558
1771,-0.004116023084602403
1772,-0.009229135350892256
1773,-0.006562644792081483
1774,-0.004602824736594991
1775,-0.0027812265494564004
1776,-0.0025461687520103755
1777,-0.003739507049783717
1778,0.002527506614934152
1779,-0.001092997593324175
1780,-0.005682886198764029
1781,-0.007011134386535058
1782,-0.0024915377844343185
1783,-0.0008423655615568776
1784,-0.0025502942104876684
1785,-0.003421410119943896
1786,-0.006690231054555279
1787,0.0012321083023873031
1788,-0.0057868337625482155
1789,0.0004411462705604636
1790,-0.0041020456643109686
1791,-0.004712577582645389
1792,-0.005779431576450805
1793,-0.0026875191953464853
1794,0.0014632046878958673
1795,-0.00121429291517225
1796,-0.004095044214371399
1797,-0.0024948955383948734
1798,0.0011153470923811995
1799,-0.005983123098360445
1800,-0.00212942558443344
1801,-0.009780902551449231
1802,-0.004124508975231486
1803,0.0013842909360009964
1804,-0.003982199300862768
1805,-0.00299307836624426
1806,-0.003963797102313388
1807,0.0026722764497905285
1808,-0.0018240240665833417
1809,0.0029934876437181616
1810,-0.006553475267300731
1811,-0.0030946511641655344
1812,-0.005630345035647372
1813,-0.0065592821806369
1814,4.991803918895704e-05
1815,-0.002289671522982603
1816,-0.0038327766471091484
1817,-0.00225510022302681
1818,-0.004318484718721213
1819,-0.004053156256987541
1820,-0.006427879546191336
1821,-0.002320530494382324
1822,-1.2521096554879378e-05
1823,-0.0031629333739383665
1824,-0.004905806432214415
1825,-0.0006528875533499561
1826,-0.0024924566736243526
1827,-0.0016932547466618898
1828,0.002029705344818996
1829,-0.004385848479137695
1830,-0.0012375551840308806
1831,-0.0008915431920114993
1832,-0.0038036697083778112
1833,0.0004327972861180671
1834,-0.0039837551248211615
1835,-0.006987513171352391
1836,-0.003603864201515405
1837,-0.002462078997862524
1838,-0.003300886491927824
1839,0.0001458362968146411
1840,-0.002759329656703326
1841,-0.0044220370151944344
1842,-0.005753154804644617
1843,-0.00045301528300112793
1844,-0.007243153099602064
1845,-0.006772070543444547
1846,-0.005480055202532652
1847,-0.00617477659823281
1848,-0.003153333542997081
1849,-0.0040915695800516315
1850,-0.0054047174965160425
1851,-0.0009102879778416211
1852,-0.004777649584591818
1853,-0.004797493347602798
1854,-0.004491280247155328
1855,-0.003860133053174709
1856,-0.006356039959360345
1857,-0.004632947687456519
1858,-0.0019432866914212946
1859,-0.0031562158336984314
1860,-0.0004864251330312948
1861,-0.004390939142442355
1862,-0.0035463581990301594
1863,-0.0038669267248264767
1864,-0.0033936623534183787
1865,0.00036087908608287746
1866,-0.0023318252051153774
1867,4.655145327761428e-05
1868,-0.003754764464684207
1869,-0.005565875397890061
1870,-0.0029764401084902887
1871,-0.003124521088021313
1872,0.00020086272270611807
1873,-0.0019053386789693548
1874,-0.009636300387291184
1875,-0.004702396008664641
1876,-0.0008896060236854642
1877,-0.004815756214901979
1878,-0.0044618791576151616
1879,-0.0021217948642658735
1880,-0.0014780856087138487
1881,-0.0016428480005985554
1882,-0.00846323819315999
1883,-0.00010348235881327885
1884,-0.0036820606396271746
1885,-0.006468522969416051
1886,-0.002332408669852073
1887,-0.004702682640799477
1888,0.000137195395649021
1889,-0.003961807273149883
1890,-0.005236057157921219
1891,-0.005923902721365174
1892,-0.004566528232078737
1893,-0.0061815663335843376
1894,-0.0028755391351641584
1895,-0.0016146323197190721
1896,-0.0012081024141358874
1897,-0.0008802097950625471
1898,-0.0018447352796701149
1899,-0.003328906099037776
1900,-0.0035527589234586113
1901,-0.003868390314339917
1902,-0.0034124393435641686
1903,-0.010253951337882716
1904,-0.004516051048994315
1905,-0.003019585048749869
1906,0.0006109669613734063
1907,-0.0032916723219903713
1908,-0.0036738085312214615
1909,-0.006000879647208393
1910,-0.004941451550763603
1911,-0.005026234549063846
1912,-0.0036844368639266435
1913,-0.002647279855136681
1914,-0.006893718237403113
1915,-0.003999390966710536
1916,-0.0026158053609044757
1917,-0.0011897668484274575
1918,-0.0023504215844780563
1919,-0.0041716804912592005
1920,-0.0024831430221046503
1921,-0.004231999053780329
1922,-0.006217620592104451
1923,-0.0016660268585212148
1924,-0.0011117286834539575
1925,0.0018519634911184975
1926,-0.0013289554727498468
1927,-0.004224010504624874
1928,-0.0027212732647473137
1929,-0.00454465458771863
1930,-0.003013161481164456
1931,-0.002989246038869148
1932,-0.001406223394820832
1933,-0.00817372629574915
1934,-0.001068505707530276
1935,-0.0033590789301214887
1936,-0.002400260976322177
1937,-0.00012413598163788978
1938,-0.005311649256049469
1939,-0.0026694036490640715
1940,-0.003640023713479483
1941,-0.003391815991241487
1942,-0.0032429469018201633
1943,0.00021020470086801374
1944,-0.0008883795220380003
1945,-0.0071100474460909936
1946,-0.004248644264942888
1947,-4.287680712615671e-05
1948,-0.0015367878200780876
1949,-0.005599506128014496
1950,-0.00557057734890543
1951,0.0033936706487588913
1952,-0.005041217285277735
1953,-0.00399857342568897
1954,-0.0038231690061474766
1955,-0.006071017954200994
1956,-0.004841889070402342
1957,-0.0012446000971819738
1958,-0.007778950544331478
1959,-0.006040770131438023
1960,-0.006135322485651479
1961,-0.0006666077245349389
1962,0.0022601113719095582
1963,-0.004381402335663003
1964,-0.0023066360377006745
1965,-0.003178964055043076
1966,-0.005765539376294764
1967,-0.0034915325982414524
1968,-0.006670755100785834
1969,-0.0038289652021540064
1970,-0.0008851762524122627
1971,-0.002669230435110988
1972,-0.004537087853997362
1973,0.00013465674525222146
1974,-0.0036671825109489396
1975,-0.0041717308539456575
1976,-0.0026429631663054077
1977,-0.0013906045680823298
1978,-0.007682403610409965
1979,-0.001456024292994682
1980,-0.004156393055590236
1981,0.0020953291810559467
1982,-0.0003670066712481775
1983,-0.003072919480232988
1984,-0.005711227631641663
1985,-0.002667476126854189
1986,-0.001323956425567216
1987,-0.00398339033765538
1988,0.00029587976947222707
1989,-0.0009865214294508676
1990,-0.006212005930338647
1991,-0.0025339337302504447
1992,0.0001347147625074384
1993,-0.004353700049188002
1994,-0.0031831071288701525
1995,-0.0028294879993627136
1996,-0.004239601529301024
1997,-0.0028290059145855534
1998,-0.0038808505950491037
1999,-0.002741687610974645
