N,q,alpha,p0,p1,adopt,non_saving,defer,wrong,error_among_resolved,plugin_adopt,baseline_reserve,candidate_reserve,reserve_saving,pilot_cost,optimistic_campaigns_to_offset_pilot
100,0.8,0.01,0.1,0.1,6.478012036199952e-06,4.12607573464515e-05,0.9999522612306173,6.478012036199952e-06,0.1356970889692456,0.4264765042889101,160,176,-16,2100,
100,0.8,0.01,0.1,0.12,3.814036824369297e-05,7.2138014812906035e-06,0.999954645830275,7.2138014812906035e-06,0.1590548680536609,0.5913776789793352,160,143,17,2100,124
100,0.8,0.01,0.1,0.2,0.007081006276578823,3.9623580937399966e-09,0.9929189897610631,3.9623580937399966e-09,5.595752526880786e-07,0.9567323315856507,160,88,72,2100,30
100,0.8,0.01,0.1,0.3,0.21977788864932465,7.756402386685622e-14,0.7802221113505977,7.756402386685622e-14,3.529200518919772e-13,0.999675671982932,160,55,105,2100,20
100,0.9,0.01,0.1,0.1,5.3418636218828604e-06,3.111461941403627e-05,0.999963543516964,5.3418636218828604e-06,0.14652712431475448,0.41877132843283066,220,242,-22,2100,
100,0.9,0.01,0.1,0.12,3.686723005457083e-05,5.323623137028965e-06,0.9999578091468084,5.323623137028965e-06,0.12617955633305133,0.5885338709812318,220,209,11,2100,191
100,0.9,0.01,0.1,0.2,0.00645590037824855,2.775294299333451e-09,0.9935440968464572,2.775294299333451e-09,4.298847478544398e-07,0.9580070894165147,220,121,99,2100,22
100,0.9,0.01,0.1,0.3,0.2008339669629041,1.0916418085778042e-13,0.7991660330369867,1.0916418085778042e-13,5.435543723432238e-13,0.9995186839710173,220,77,143,2100,15
100,0.95,0.01,0.1,0.1,6.537730859333734e-06,4.1479942159136285e-05,0.9999519823269816,6.537730859333734e-06,0.13615259649960532,0.42724697888068874,290,319,-29,2100,
100,0.95,0.01,0.1,0.12,3.939571852902113e-05,6.5365758921783085e-06,0.9999540677055787,6.5365758921783085e-06,0.14230893480386295,0.593366544656977,290,264,26,2100,81
100,0.95,0.01,0.1,0.2,0.006956531460204483,2.6220962417558998e-09,0.9930434659176993,2.6220962417558998e-09,3.7692566596161885e-07,0.9577354994834408,290,154,136,2100,16
100,0.95,0.01,0.1,0.3,0.17952438663469067,5.2203713760918614e-14,0.8204756133652571,5.2203713760918614e-14,2.9078898270869104e-13,0.9996115365009246,290,99,191,2100,11
100,0.8,0.05,0.1,0.1,0.000189152724322754,0.0009242986399052005,0.9988865486357721,0.000189152724322754,0.1698796466551629,0.4264765042889101,160,176,-16,2100,
100,0.8,0.05,0.1,0.12,0.0008342134402259135,0.00020400742669732228,0.9989617791330767,0.00020400742669732228,0.19649713581840986,0.5913776789793352,160,143,17,2100,124
100,0.8,0.05,0.1,0.2,0.0509907647288079,2.7626540871048074e-07,0.9490089590057834,2.7626540871048074e-07,5.417920546901851e-06,0.9567323315856507,160,88,72,2100,30
100,0.8,0.05,0.1,0.3,0.523384915808052,1.708753182575772e-11,0.4766150841748604,1.708753182575772e-11,3.264811672842819e-11,0.999675671982932,160,55,105,2100,20
100,0.9,0.05,0.1,0.1,0.00018249752079139373,0.0008132311174527461,0.9990042713617558,0.00018249752079139373,0.18328037758681767,0.41877132843283066,220,242,-22,2100,
100,0.9,0.05,0.1,0.12,0.0008785807105470146,0.00016942180787188338,0.9989519974815811,0.00016942180787188338,0.16166164192762333,0.5885338709812318,220,209,11,2100,191
100,0.9,0.05,0.1,0.2,0.04572370424472003,2.1048657568678886e-07,0.9542760852687042,2.1048657568678886e-07,4.60342420205594e-06,0.9580070894165147,220,121,99,2100,22
100,0.9,0.05,0.1,0.3,0.46899006683361544,2.323552134926206e-11,0.531009933143149,2.323552134926206e-11,4.954373875119662e-11,0.9995186839710173,220,77,143,2100,15
100,0.95,0.05,0.1,0.1,0.00020939438048667397,0.0007414148930473069,0.9990491907264659,0.00020939438048667397,0.2202275328135937,0.42724697888068874,290,319,-29,2100,
100,0.95,0.05,0.1,0.12,0.0009735563702763544,0.0001586127243272739,0.9988678309053963,0.0001586127243272739,0.14009632049071621,0.593366544656977,290,264,26,2100,81
100,0.95,0.05,0.1,0.2,0.0500273069261776,1.798700577341211e-07,0.9499725132037646,1.798700577341211e-07,3.595424620603901e-06,0.9577354994834408,290,154,136,2100,16
100,0.95,0.05,0.1,0.3,0.46904288589529586,1.2011012718277797e-11,0.5309571140926931,1.2011012718277797e-11,2.5607493641106915e-11,0.9996115365009246,290,99,191,2100,11
100,0.8,0.1,0.1,0.1,0.0007774348337746076,0.003175135068678302,0.9960474300975471,0.0007774348337746076,0.19669097649408868,0.4264765042889101,160,176,-16,2100,
100,0.8,0.1,0.1,0.12,0.002983392827911414,0.0007934412533271231,0.9962231659187615,0.0007934412533271231,0.21008104572783615,0.5913776789793352,160,143,17,2100,124
100,0.8,0.1,0.1,0.2,0.09646686788423364,1.4522404084304195e-06,0.9035316798753579,1.4522404084304195e-06,1.5054065485478026e-05,0.9567323315856507,160,88,72,2100,30
100,0.8,0.1,0.1,0.3,0.6573263323497729,1.1413166018842585e-10,0.34267366753609546,1.1413166018842585e-10,1.736301355228198e-10,0.999675671982932,160,55,105,2100,20
100,0.9,0.1,0.1,0.1,0.000713799961113501,0.0027191836228484183,0.9965670164160381,0.000713799961113501,0.20792408226133213,0.41877132843283066,220,242,-22,2100,
100,0.9,0.1,0.1,0.12,0.0031121923501987053,0.0007093808697051597,0.9961784267800962,0.0007093808697051597,0.18562535083993623,0.5885338709812318,220,209,11,2100,191
100,0.9,0.1,0.1,0.2,0.10901774288710396,1.7594321385566344e-06,0.8909804976807575,1.7594321385566344e-06,1.61386917122817e-05,0.9580070894165147,220,121,99,2100,22
100,0.9,0.1,0.1,0.3,0.6210484348454668,2.928689218681249e-10,0.3789515648616643,2.928689218681249e-10,4.715717894094518e-10,0.9995186839710173,220,77,143,2100,15
100,0.95,0.1,0.1,0.1,0.0006844266168972557,0.003178969297935782,0.9961366040851669,0.0006844266168972557,0.1771567377470901,0.42724697888068874,290,319,-29,2100,
100,0.95,0.1,0.1,0.12,0.0028865427423433745,0.0007961393534223862,0.9963173179042343,0.0007961393534223862,0.2161846536625477,0.593366544656977,290,264,26,2100,81
100,0.95,0.1,0.1,0.2,0.10923786005744168,1.5202835450860228e-06,0.8907606196590132,1.5202835450860228e-06,1.3916991659422754e-05,0.9577354994834408,290,154,136,2100,16
100,0.95,0.1,0.1,0.3,0.6377254764046434,1.6356852668410305e-10,0.36227452343178806,1.6356852668410305e-10,2.564873643817922e-10,0.9996115365009246,290,99,191,2100,11
