quantile,pilot,predictor,pairs,violations
0.9,5,no_target__pooled,550,0
0.9,10,no_target__pooled,550,0
0.9,5,no_target__separate,550,0
0.9,10,no_target__separate,550,0
0.9,5,no_target__separate_matched_penalty,550,0
0.9,10,no_target__separate_matched_penalty,550,0
0.9,5,best__pooled,550,0
0.9,10,best__pooled,550,0
0.9,5,best__separate,550,0
0.9,10,best__separate,550,0
0.9,5,best__separate_matched_penalty,550,0
0.9,10,best__separate_matched_penalty,550,0
0.9,5,pilot_summary__pooled,550,0
0.9,10,pilot_summary__pooled,550,0
0.9,5,pilot_summary__separate,550,0
0.9,10,pilot_summary__separate,550,0
0.9,5,pilot_summary__separate_matched_penalty,550,0
0.9,10,pilot_summary__separate_matched_penalty,550,0
0.95,5,no_target__pooled,550,0
0.95,10,no_target__pooled,550,0
0.95,5,no_target__separate,550,0
0.95,10,no_target__separate,550,0
0.95,5,no_target__separate_matched_penalty,550,0
0.95,10,no_target__separate_matched_penalty,550,0
0.95,5,best__pooled,550,0
0.95,10,best__pooled,550,0
0.95,5,best__separate,550,0
0.95,10,best__separate,550,0
0.95,5,best__separate_matched_penalty,550,0
0.95,10,best__separate_matched_penalty,550,0
0.95,5,pilot_summary__pooled,550,0
0.95,10,pilot_summary__pooled,550,0
0.95,5,pilot_summary__separate,550,2
0.95,10,pilot_summary__separate,550,0
0.95,5,pilot_summary__separate_matched_penalty,550,5
0.95,10,pilot_summary__separate_matched_penalty,550,0
0.99,5,no_target__pooled,550,0
0.99,10,no_target__pooled,550,0
0.99,5,no_target__separate,550,0
0.99,10,no_target__separate,550,0
0.99,5,no_target__separate_matched_penalty,550,0
0.99,10,no_target__separate_matched_penalty,550,0
0.99,5,best__pooled,550,0
0.99,10,best__pooled,550,0
0.99,5,best__separate,550,0
0.99,10,best__separate,550,0
0.99,5,best__separate_matched_penalty,550,1
0.99,10,best__separate_matched_penalty,550,0
0.99,5,pilot_summary__pooled,550,0
0.99,10,pilot_summary__pooled,550,0
0.99,5,pilot_summary__separate,550,10
0.99,10,pilot_summary__separate,550,0
0.99,5,pilot_summary__separate_matched_penalty,550,16
0.99,10,pilot_summary__separate_matched_penalty,550,0
