quantile,pilot,budget,predictor,stratum,brier,log_loss,hit_rate,mean_prediction,bias_squared,residual_variance
0.9,5,20,no_target__pooled,all,0.017727170934114453,0.08549175081918578,0.982,0.9816466731980878,0.00046745137218771735,0.01725971956192674
0.9,5,20,no_target__pooled,not_yet_hit,0.031062458814742955,0.14865256176901903,0.9684022076263455,0.9690190448149003,0.0013064060888028793,0.02975605272594008
0.9,5,40,no_target__pooled,all,1.5274920574023028e-06,0.000927004501342009,1.0,0.9990737601201717,9.194457660016716e-07,6.080462914006313e-07
0.9,5,40,no_target__pooled,not_yet_hit,2.565223220063292e-06,0.0015651649464054366,1.0,0.9984361191283374,2.5652232200632924e-06,0.0
0.9,10,20,no_target__pooled,all,0.01730020346442323,0.06714447777612223,0.982,0.9810329284228337,0.0008102132746929396,0.01648999018973029
0.9,10,20,no_target__pooled,not_yet_hit,0.09100623341699568,0.34106905293970113,0.902958152958153,0.9133166926199109,0.011891232656973285,0.0791150007600224
0.9,10,40,no_target__pooled,all,4.999472276327875e-06,0.0010147029291683097,1.0,0.9989878054127117,1.793794477612453e-06,3.205677798715423e-06
0.9,10,40,no_target__pooled,not_yet_hit,2.2570388680806272e-05,0.0046517129777729664,1.0,0.9953596104857745,2.2570388680806272e-05,0.0
0.9,5,20,no_target__separate,all,0.017741891457276636,0.08546297286444483,0.982,0.9807178140159468,0.00047796226025599467,0.01726392919702064
0.9,5,20,no_target__separate,not_yet_hit,0.031083152534343784,0.14854077323117343,0.9684022076263455,0.9674500748306184,0.0013270998084037077,0.02975605272594008
0.9,10,20,no_target__separate,all,0.017352594692587327,0.06718197553206111,0.982,0.9800248378420784,0.0008547530504665122,0.01649784164212082
0.9,10,20,no_target__separate,not_yet_hit,0.09108301955047064,0.34037545779315326,0.902958152958153,0.9086913786307115,0.011968018790448235,0.0791150007600224
0.9,5,40,no_target__separate,all,1.0000000000575112e-12,1.0000005000290893e-06,1.0,0.9999990000000001,1.0000000000575112e-12,0.0
0.9,5,40,no_target__separate,not_yet_hit,1.0000000000575112e-12,1.000000500029089e-06,1.0,0.9999989999999999,1.0000000000575112e-12,0.0
0.9,10,40,no_target__separate,all,1.0000000000575112e-12,1.0000005000290893e-06,1.0,0.9999990000000001,1.0000000000575112e-12,0.0
0.9,10,40,no_target__separate,not_yet_hit,1.0000000000575112e-12,1.000000500029089e-06,1.0,0.9999990000000001,1.0000000000575112e-12,0.0
0.9,5,20,no_target__separate_matched_penalty,all,0.017737911580104775,0.0854731593375217,0.982,0.9809754516345212,0.0004751121625688726,0.017262799417535904
0.9,5,20,no_target__separate_matched_penalty,not_yet_hit,0.031077581871520224,0.14857521737472867,0.9684022076263455,0.9678855092802928,0.0013215291455801392,0.02975605272594008
0.9,10,20,no_target__separate_matched_penalty,all,0.01736644574728689,0.0671872847480835,0.982,0.9797443153583407,0.0008667194994907276,0.01649972624779616
0.9,10,20,no_target__separate_matched_penalty,not_yet_hit,0.0911013757388004,0.340167245075859,0.902958152958153,0.9073972033685479,0.011986374978777982,0.0791150007600224
0.9,5,40,no_target__separate_matched_penalty,all,1.0000000000575112e-12,1.0000005000290893e-06,1.0,0.9999990000000001,1.0000000000575112e-12,0.0
0.9,5,40,no_target__separate_matched_penalty,not_yet_hit,1.0000000000575112e-12,1.000000500029089e-06,1.0,0.9999989999999999,1.0000000000575112e-12,0.0
0.9,10,40,no_target__separate_matched_penalty,all,1.0000000000575112e-12,1.0000005000290893e-06,1.0,0.9999990000000001,1.0000000000575112e-12,0.0
0.9,10,40,no_target__separate_matched_penalty,not_yet_hit,1.0000000000575112e-12,1.000000500029089e-06,1.0,0.9999990000000001,1.0000000000575112e-12,0.0
0.9,5,20,best__pooled,all,0.01826419142214457,0.09621944738527782,0.982,0.9835593376621992,0.0005503066012383558,0.01771388482090621
0.9,5,20,best__pooled,not_yet_hit,0.03197051744422319,0.16722685708888882,0.9684022076263455,0.9725120877325582,0.0015446335844655319,0.03042588385975766
0.9,5,40,best__pooled,all,2.0819637900630128e-06,0.0008178634604127616,1.0,0.9991831810462202,8.211304733261767e-07,1.2608333167368365e-06
0.9,5,40,best__pooled,not_yet_hit,3.454457662054702e-06,0.001368400415109691,1.0,0.9986333326165935,2.222626352230269e-06,1.2318313098244328e-06
0.9,10,20,best__pooled,all,0.017679922674533576,0.0741574462769545,0.982,0.9864658337038615,0.0006408046436381762,0.0170391180308954
0.9,10,20,best__pooled,not_yet_hit,0.09375972165747246,0.379942527542928,0.902958152958153,0.9384613208510518,0.012389539817555972,0.08137018183991646
0.9,10,40,best__pooled,all,2.7607110219652908e-06,0.0006902521437151426,1.0,0.9993111333369498,8.550788966263486e-07,1.9056321253389415e-06
0.9,10,40,best__pooled,not_yet_hit,1.2609742235941414e-05,0.003151359016090126,1.0,0.9968549698221183,1.107211803858746e-05,1.5376241973539538e-06
0.9,5,20,best__separate,all,0.01833057014641061,0.09623181492159502,0.982,0.9827569648714412,0.0005648286342989378,0.017765741512111667
0.9,5,20,best__separate,not_yet_hit,0.03207745320859588,0.16718122126577079,0.9684022076263455,0.9711725824173297,0.0015757357312115995,0.030501717477384286
0.9,10,20,best__separate,all,0.017722048938667606,0.07392571155605132,0.982,0.9857406021151076,0.000660143485214656,0.017061905453452948
0.9,10,20,best__separate,not_yet_hit,0.09385454633196752,0.37807856286695934,0.902958152958153,0.9351373827358705,0.012298723055221526,0.08155582327674599
0.9,5,40,best__separate,all,1.0000000000575112e-12,1.0000005000290893e-06,1.0,0.9999990000000001,1.0000000000575112e-12,0.0
0.9,5,40,best__separate,not_yet_hit,1.0000000000575112e-12,1.000000500029089e-06,1.0,0.9999989999999999,1.0000000000575112e-12,0.0
0.9,10,40,best__separate,all,1.0000000000575112e-12,1.0000005000290893e-06,1.0,0.9999990000000001,1.0000000000575112e-12,0.0
0.9,10,40,best__separate,not_yet_hit,1.0000000000575112e-12,1.000000500029089e-06,1.0,0.9999990000000001,1.0000000000575112e-12,0.0
0.9,5,20,best__separate_matched_penalty,all,0.01834475059463841,0.09707849664807686,0.982,0.983072762612563,0.0005637342285402853,0.017781016366098128
0.9,5,20,best__separate_matched_penalty,not_yet_hit,0.03210302093812451,0.16866849003540615,0.9684022076263455,0.9717077999925454,0.0015763008456445022,0.030526720092480017
0.9,10,20,best__separate_matched_penalty,all,0.01776997889889455,0.07457924912395805,0.982,0.9856519804711117,0.0006664646298075438,0.01710351426908701
0.9,10,20,best__separate_matched_penalty,not_yet_hit,0.0940604458722413,0.38094032813621226,0.902958152958153,0.9347163016302684,0.012344285385921375,0.0817161604863199
0.9,5,40,best__separate_matched_penalty,all,1.0000000000575112e-12,1.0000005000290893e-06,1.0,0.9999990000000001,1.0000000000575112e-12,0.0
0.9,5,40,best__separate_matched_penalty,not_yet_hit,1.0000000000575112e-12,1.000000500029089e-06,1.0,0.9999989999999999,1.0000000000575112e-12,0.0
0.9,10,40,best__separate_matched_penalty,all,1.0000000000575112e-12,1.0000005000290893e-06,1.0,0.9999990000000001,1.0000000000575112e-12,0.0
0.9,10,40,best__separate_matched_penalty,not_yet_hit,1.0000000000575112e-12,1.000000500029089e-06,1.0,0.9999990000000001,1.0000000000575112e-12,0.0
0.9,5,20,pilot_summary__pooled,all,0.018615120914944265,0.10181419704898075,0.982,0.9823777228863637,0.0007336411938101987,0.017881479721134068
0.9,5,20,pilot_summary__pooled,not_yet_hit,0.032530706590817506,0.17661144795953354,0.9684022076263455,0.9708476360487814,0.002017597305734778,0.03051310928508273
0.9,5,40,pilot_summary__pooled,all,3.1628869496789907e-06,0.0008884850352932575,1.0,0.9991131039496748,1.1522199817366672e-06,2.0106669679423235e-06
0.9,5,40,pilot_summary__pooled,not_yet_hit,5.219786705184383e-06,0.001472996031596165,1.0,0.9985296263621742,3.0366045148793294e-06,2.183182190305053e-06
0.9,10,20,pilot_summary__pooled,all,0.017855638351345446,0.07593155008427824,0.982,0.9860643763086486,0.0008026881995043594,0.01705295015184109
0.9,10,20,pilot_summary__pooled,not_yet_hit,0.09401203264567995,0.3850916390740612,0.902958152958153,0.9377364127435494,0.014121804874970462,0.07989022777070948
0.9,10,40,pilot_summary__pooled,all,3.3449633099407054e-06,0.0007156295554085824,1.0,0.999286049711521,1.127194804020062e-06,2.217768505920644e-06
0.9,10,40,pilot_summary__pooled,not_yet_hit,1.526170522913392e-05,0.0032273512972104002,1.0,0.9967803123576112,1.342529740529271e-05,1.8364078238412096e-06
0.9,5,20,pilot_summary__separate,all,0.018724140277961144,0.1019381146799632,0.982,0.9814897288281715,0.0007645851734558391,0.017959555104505302
0.9,5,20,pilot_summary__separate,not_yet_hit,0.03270637015094506,0.17673678444702853,0.9684022076263455,0.9693784008124066,0.0020896933466479084,0.030616676804297152
0.9,10,20,pilot_summary__separate,all,0.01791483841525227,0.07572679707850186,0.982,0.9853119733696017,0.0008360779999611453,0.017078760415291126
0.9,10,20,pilot_summary__separate,not_yet_hit,0.09415106589483421,0.3832852588875446,0.902958152958153,0.934335067166524,0.01416036801986484,0.07999069787496937
0.9,5,40,pilot_summary__separate,all,1.0000000000575112e-12,1.0000005000290893e-06,1.0,0.9999990000000001,1.0000000000575112e-12,0.0
0.9,5,40,pilot_summary__separate,not_yet_hit,1.0000000000575112e-12,1.000000500029089e-06,1.0,0.9999989999999999,1.0000000000575112e-12,0.0
0.9,10,40,pilot_summary__separate,all,1.0000000000575112e-12,1.0000005000290893e-06,1.0,0.9999990000000001,1.0000000000575112e-12,0.0
0.9,10,40,pilot_summary__separate,not_yet_hit,1.0000000000575112e-12,1.000000500029089e-06,1.0,0.9999990000000001,1.0000000000575112e-12,0.0
0.9,5,20,pilot_summary__separate_matched_penalty,all,0.018736240541963163,0.10167568784184322,0.982,0.9820157619092184,0.0007576588736579528,0.01797858166830521
0.9,5,20,pilot_summary__separate_matched_penalty,not_yet_hit,0.03272210766891115,0.17632577595723908,0.9684022076263455,0.9702821987484013,0.002074089974479621,0.030648017694431526
0.9,10,20,pilot_summary__separate_matched_penalty,all,0.017841584938828425,0.0744198829438881,0.982,0.9853638299645502,0.0008355141710555699,0.017006070767772857
0.9,10,20,pilot_summary__separate_matched_penalty,not_yet_hit,0.09364953266731493,0.37675443373722384,0.902958152958153,0.9345864008774936,0.014156373075072323,0.0794931595922426
0.9,5,40,pilot_summary__separate_matched_penalty,all,1.0000000000575112e-12,1.0000005000290893e-06,1.0,0.9999990000000001,1.0000000000575112e-12,0.0
0.9,5,40,pilot_summary__separate_matched_penalty,not_yet_hit,1.0000000000575112e-12,1.000000500029089e-06,1.0,0.9999989999999999,1.0000000000575112e-12,0.0
0.9,10,40,pilot_summary__separate_matched_penalty,all,1.0000000000575112e-12,1.0000005000290893e-06,1.0,0.9999990000000001,1.0000000000575112e-12,0.0
0.9,10,40,pilot_summary__separate_matched_penalty,not_yet_hit,1.0000000000575112e-12,1.000000500029089e-06,1.0,0.9999990000000001,1.0000000000575112e-12,0.0
0.95,5,20,no_target__pooled,all,0.0934648759995656,0.3188101962596902,0.894,0.9105578855162391,0.029197824343428307,0.06426705165613729
0.95,5,20,no_target__pooled,not_yet_hit,0.11963471751778243,0.4089647609671824,0.8645440263861316,0.8834472094763477,0.04792086704936074,0.07171385046842169
0.95,5,40,no_target__pooled,all,0.00502639895718925,0.03817006967176701,0.995,0.9950331766433786,0.00011908488654874747,0.0049073140706405016
0.95,5,40,no_target__pooled,not_yet_hit,0.005988967702638407,0.04607864144036913,0.9940476190476191,0.9934516265391178,0.0001783101062665235,0.005810657596371881
0.95,10,20,no_target__pooled,all,0.08096808514867723,0.23547952240053094,0.894,0.9042930506385762,0.02326766615480293,0.057700418993874306
0.95,10,20,no_target__pooled,not_yet_hit,0.2136385582819051,0.6253291405815341,0.7240804130510012,0.7387909444246306,0.08880149779807855,0.12483706048382649
0.95,10,40,no_target__pooled,all,0.005093369912429869,0.03447795824642082,0.995,0.9938043777820812,0.00014657824785853737,0.004946791664571333
0.95,10,40,no_target__pooled,not_yet_hit,0.01277176989243701,0.08794168703770908,0.9875,0.9827836144789772,0.0008967698924370118,0.011874999999999997
0.95,5,20,no_target__separate,all,0.09340408256715446,0.31846344821251166,0.894,0.9099665210999582,0.02914914896013082,0.06425493360702364
0.95,5,20,no_target__separate,not_yet_hit,0.1195589197777974,0.40853227060672903,0.8645440263861316,0.8827115349080414,0.04784506930937576,0.07171385046842169
0.95,10,20,no_target__separate,all,0.08095878451840396,0.23530768081288497,0.894,0.9028122731272659,0.02318185537727327,0.05777692914113071
0.95,10,20,no_target__separate,not_yet_hit,0.21371798990435997,0.6251451915609907,0.7240804130510012,0.7347422835850469,0.08888092942053354,0.12483706048382649
0.95,5,40,no_target__separate,all,0.005038703247784278,0.07376909201125798,0.995,0.9953279200577494,0.00012935496875605062,0.004909348279028227
0.95,5,40,no_target__separate,not_yet_hit,0.0060037304733115615,0.08846632327233317,0.9940476190476191,0.9937946760451675,0.00019307287693967956,0.005810657596371881
0.95,10,40,no_target__separate,all,0.005072130439932069,0.07351359783949862,0.995,0.995600420252936,0.00013461438002993221,0.0049375160599021365
0.95,10,40,no_target__separate,not_yet_hit,0.012701531536650991,0.18507929853221264,0.9875,0.9877164675986492,0.0008265315366509924,0.011874999999999997
0.95,5,20,no_target__separate_matched_penalty,all,0.09341289179545315,0.31852772555435205,0.894,0.9102307551706497,0.029156586125000925,0.06425630567045222
0.95,5,20,no_target__separate_matched_penalty,not_yet_hit,0.11956907568206884,0.40860955316141434,0.8645440263861316,0.8830539072816807,0.04785522521364711,0.07171385046842169
0.95,10,20,no_target__separate_matched_penalty,all,0.08095307411276235,0.23526488032918144,0.894,0.9025282504840864,0.0231625475747404,0.057790526538021955
0.95,10,20,no_target__separate_matched_penalty,not_yet_hit,0.21372361475565427,0.6250857717643851,0.7240804130510012,0.7339642113872373,0.08888655427182775,0.12483706048382649
0.95,5,40,no_target__separate_matched_penalty,all,0.005036556231309113,0.07363676761593056,0.995,0.9954591620875262,0.00012772264259147535,0.004908833588717637
0.95,5,40,no_target__separate_matched_penalty,not_yet_hit,0.006000889125272899,0.08829103127078047,0.9940476190476191,0.9939685356627451,0.00019023152890101762,0.005810657596371881
0.95,10,40,no_target__separate_matched_penalty,all,0.0050767769965299175,0.07365576344890773,0.995,0.995460617255701,0.00013682475396943936,0.004939952242560478
0.95,10,40,no_target__separate_matched_penalty,not_yet_hit,0.012714568414743405,0.18547793423258155,0.9875,0.9873244607596141,0.0008395684147434062,0.011874999999999997
0.95,5,20,best__pooled,all,0.10042993748207982,0.35915038944254085,0.894,0.9067142158757122,0.0321014885500655,0.06832844893201433
0.95,5,20,best__pooled,not_yet_hit,0.12797741554946523,0.45830862646119913,0.8645440263861316,0.8798801327075747,0.052065795656109824,0.07591161989335539
0.95,5,40,best__pooled,all,0.005140328706375589,0.04097930762408023,0.995,0.9946159825302427,0.00013330530625188644,0.005007023400123703
0.95,5,40,best__pooled,not_yet_hit,0.006127315701277464,0.04934797972569873,0.9940476190476191,0.9930313862871151,0.00019613606824697827,0.005931179633030486
0.95,10,20,best__pooled,all,0.08762231669872851,0.258743279906884,0.894,0.9096111119384939,0.027532405026126684,0.06008991167260183
0.95,10,20,best__pooled,not_yet_hit,0.23028853728529275,0.6838736279048407,0.7240804130510012,0.7524434895742038,0.10231271361068794,0.1279758236746048
0.95,10,40,best__pooled,all,0.0050818805512726165,0.03600885413097053,0.995,0.9947166003248658,0.00013074707337235822,0.004951133477900258
0.95,10,40,best__pooled,not_yet_hit,0.012741050720196104,0.09163029594262727,0.9875,0.9852018553085518,0.000820636812292452,0.011920413907903655
0.95,5,20,best__separate,all,0.09993058592405135,0.35676045576231163,0.894,0.9050479540170665,0.031980221513015585,0.06795036441103577
0.95,5,20,best__separate,not_yet_hit,0.12742997172720325,0.45560024785138264,0.8645440263861316,0.8774431239291467,0.05196808499593559,0.07546188673126765
0.95,10,20,best__separate,all,0.08769159525715216,0.2579759224203495,0.894,0.9066448627992935,0.02727020935412036,0.060421385903031796
0.95,10,20,best__separate,not_yet_hit,0.23071179115107204,0.6825415820849599,0.7240804130510012,0.7443245439941196,0.1023799615570173,0.12833182959405476
0.95,5,40,best__separate,all,0.005342040370177409,0.07400042804100289,0.995,0.9952787852635998,0.00015180875333781525,0.005190231616839593
0.95,5,40,best__separate,not_yet_hit,0.006372538823989561,0.08847987984063779,0.9940476190476191,0.9940019591324097,0.0002191926933232597,0.006153346130666301
0.95,10,40,best__separate,all,0.005027550611279813,0.0709936441333794,0.995,0.9980980587958304,0.00010793083099169878,0.004919619780288114
0.95,10,40,best__separate,not_yet_hit,0.012582362814605471,0.17814288422821153,0.9875,0.9945933458297769,0.0006727121204735465,0.011909650694131923
0.95,5,20,best__separate_matched_penalty,all,0.10001980048115854,0.35748013934792977,0.894,0.9053276794394932,0.032002919532862745,0.0680168809482958
0.95,5,20,best__separate_matched_penalty,not_yet_hit,0.12753921734871215,0.4565026479042189,0.8645440263861316,0.877815516147235,0.052000398702735214,0.07553881864597692
0.95,10,20,best__separate_matched_penalty,all,0.08776770528687101,0.25813324272011473,0.894,0.9063315213237637,0.027300978291591886,0.060466726995279114
0.95,10,20,best__separate_matched_penalty,not_yet_hit,0.2309334786023406,0.6830094897454881,0.7240804130510012,0.743452168281438,0.10256906648396351,0.12836441211837707
0.95,5,40,best__separate_matched_penalty,all,0.005361953484069043,0.07381344572784508,0.995,0.9954807848573366,0.000149309427274184,0.0052126440567948585
0.95,5,40,best__separate_matched_penalty,not_yet_hit,0.0063963278577207445,0.0882305930814664,0.9940476190476191,0.9942690997381936,0.00021515053685392714,0.006181177320866816
0.95,10,40,best__separate_matched_penalty,all,0.005030001906827419,0.07097822538726452,0.995,0.9981148087709122,0.00010788273826456375,0.0049221191685628555
0.95,10,40,best__separate_matched_penalty,not_yet_hit,0.01259022058474977,0.1781084668708847,0.9875,0.9946320249566103,0.0006731432205690006,0.011917077364180767
0.95,5,20,pilot_summary__pooled,all,0.10460124219383996,0.38813805601802975,0.894,0.8919957720796228,0.034642793880789086,0.06995844831305086
0.95,5,20,pilot_summary__pooled,not_yet_hit,0.13341052074994952,0.4948793232685983,0.8645440263861316,0.8585622538241624,0.05662478598679207,0.07678573476315748
0.95,5,40,pilot_summary__pooled,all,0.00514976880966138,0.04618240203400208,0.995,0.9934691676245098,0.0001504310556629427,0.004999337753998437
0.95,5,40,pilot_summary__pooled,not_yet_hit,0.0061425462670179,0.05579799973660886,0.9940476190476191,0.9914122571604019,0.000228948205213759,0.005913598061804139
0.95,10,20,pilot_summary__pooled,all,0.09704526874386546,0.2866505184717731,0.894,0.8965479298268308,0.030659417963174503,0.06638585078069095
0.95,10,20,pilot_summary__pooled,not_yet_hit,0.25619830557933687,0.7590932056282234,0.7240804130510012,0.7148037843432765,0.1243782668192144,0.1318200387601225
0.95,10,40,pilot_summary__pooled,all,0.0051871308144544395,0.039798778706277814,0.995,0.992945794297123,0.00016854188629833222,0.005018588928156108
0.95,10,40,pilot_summary__pooled,not_yet_hit,0.013032219149303833,0.10165263923973386,0.9875,0.9802417444131865,0.0011068371754716774,0.011925381973832153
0.95,5,20,pilot_summary__separate,all,0.10526490997973569,0.3892873772916048,0.894,0.8881365208598017,0.03523318763235668,0.07003172234737902
0.95,5,20,pilot_summary__separate,not_yet_hit,0.13457928210215442,0.4973936269435336,0.8645440263861316,0.8526786227262965,0.05811112158171141,0.07646816052044303
0.95,10,20,pilot_summary__separate,all,0.09944025396162555,0.29002321280297233,0.894,0.89132541753175,0.031122124717976322,0.06831812924364922
0.95,10,20,pilot_summary__separate,not_yet_hit,0.2629880658063401,0.7690904177167155,0.7240804130510012,0.7007071002845378,0.13012860010094351,0.13285946570539658
0.95,5,40,pilot_summary__separate,all,0.006068807838453684,0.07837788205076082,0.995,0.991362600945473,0.0003163548891119354,0.0057524529493417475
0.95,5,40,pilot_summary__separate,not_yet_hit,0.0073100559961684596,0.09423183137221855,0.9940476190476191,0.9888424278309086,0.0004990110773261793,0.00681104491884228
0.95,10,40,pilot_summary__separate,all,0.005132297605388501,0.07161785047408442,0.995,0.9975330646131015,0.00012027078396880594,0.005012026821419695
0.95,10,40,pilot_summary__separate,not_yet_hit,0.012889217548595015,0.1800179569269915,0.9875,0.9928919108356944,0.0007831000748434284,0.012106117473751584
0.95,5,20,pilot_summary__separate_matched_penalty,all,0.1053314555351264,0.390064061997961,0.894,0.8885321802989213,0.03525581824158936,0.07007563729353704
0.95,5,20,pilot_summary__separate_matched_penalty,not_yet_hit,0.1346549568025301,0.4983408044622971,0.8645440263861316,0.8531872132044278,0.05813501985670974,0.07651993694582035
0.95,10,20,pilot_summary__separate_matched_penalty,all,0.09954176455606299,0.2901050084434853,0.894,0.8908852235263776,0.031151714495387575,0.06839005006067542
0.95,10,20,pilot_summary__separate_matched_penalty,not_yet_hit,0.2633061459815894,0.7694242823814254,0.7240804130510012,0.6994880783680427,0.13049473370782053,0.13281141227376886
0.95,5,40,pilot_summary__separate_matched_penalty,all,0.006712407720226043,0.08037434664017516,0.995,0.9898606418242386,0.0004390040321295982,0.006273403688096445
0.95,5,40,pilot_summary__separate_matched_penalty,not_yet_hit,0.00814962689921297,0.09688868179268773,0.9940476190476191,0.9868265728067579,0.000712181794911289,0.007437445104301679
0.95,10,40,pilot_summary__separate_matched_penalty,all,0.005220263659139552,0.07200832664998863,0.995,0.9971973396899227,0.0001292666820501277,0.005090996977089424
0.95,10,40,pilot_summary__separate_matched_penalty,not_yet_hit,0.013140108996350434,0.18109089782061033,0.9875,0.9919758508120642,0.0008529781095488256,0.012287130886801606
0.99,5,20,no_target__pooled,all,0.2871635647526941,0.7652491909888547,0.42,0.4253773018035214,0.13781962483170407,0.14934393992099
0.99,5,20,no_target__pooled,not_yet_hit,0.30416133782350085,0.8107124652496946,0.38381231918383363,0.3910559473243719,0.1546047263292164,0.14955661149428442
0.99,5,40,no_target__pooled,all,0.2231570428218132,0.9640014147666078,0.809,0.8216870676306076,0.1603393190131564,0.06281772380865684
0.99,5,40,no_target__pooled,not_yet_hit,0.23719603873315562,1.0246086330212594,0.796842996933026,0.8110778423348556,0.18110126308896954,0.056094775644186176
0.99,10,20,no_target__pooled,all,0.2125914527986898,0.5958103511331176,0.42,0.4474458389167302,0.07906833028765403,0.13352312251103576
0.99,10,20,no_target__pooled,not_yet_hit,0.26740360953414105,0.7431442060874551,0.32640473620316846,0.32214114773575214,0.11553964133785827,0.15186396819628276
0.99,10,40,no_target__pooled,all,0.23235141337831738,0.9130326796610697,0.809,0.8119275122474895,0.16382162192132996,0.0685297914569874
0.99,10,40,no_target__pooled,not_yet_hit,0.2663115549143834,1.0453027336494702,0.7851627943733207,0.7669033939554566,0.2121063279697377,0.05420522694464573
0.99,5,20,no_target__separate,all,0.28494361827839576,0.7592509262172615,0.42,0.4320638043209536,0.13569318045384127,0.14925043782455455
0.99,5,20,no_target__separate,not_yet_hit,0.30184139203195653,0.8044351167587717,0.38381231918383363,0.3981229975955378,0.15228478053767205,0.14955661149428442
0.99,10,20,no_target__separate,all,0.21395691952673096,0.6012142261745315,0.42,0.43968271182123125,0.07970202878615856,0.13425489074057237
0.99,10,20,no_target__separate,not_yet_hit,0.2698128111771761,0.7516021756830351,0.32640473620316846,0.31243911303537153,0.11794884298089335,0.15186396819628276
0.99,5,40,no_target__separate,all,0.22606886194394785,0.9650157457326685,0.809,0.8148368791249514,0.16309766081854696,0.06297120112540086
0.99,5,40,no_target__separate,not_yet_hit,0.24027177903194943,1.0256291890063816,0.796842996933026,0.8038370875264595,0.18417700338776316,0.05609477564418616
0.99,10,40,no_target__separate,all,0.2295732354264693,0.933190634648899,0.809,0.8198571305775633,0.1616730534559044,0.0679001819705648
0.99,10,40,no_target__separate,not_yet_hit,0.2626628770319447,1.0663300345878122,0.7851627943733207,0.776805456588704,0.20845765008729875,0.05420522694464573
0.99,5,20,no_target__separate_matched_penalty,all,0.2849490341115153,0.759245241611717,0.42,0.4321850347802569,0.13569796237710194,0.14925107173441338
0.99,5,20,no_target__separate_matched_penalty,not_yet_hit,0.3018474589229352,0.8044298299292861,0.38381231918383363,0.3982516488686263,0.15229084742865082,0.14955661149428442
0.99,10,20,no_target__separate_matched_penalty,all,0.21394566779775884,0.6012182693644228,0.42,0.43955953846184626,0.0796848932214427,0.13426077457631613
0.99,10,20,no_target__separate_matched_penalty,not_yet_hit,0.2698107651300986,0.7516352299167612,0.32640473620316846,0.3122909910581972,0.11794679693381582,0.15186396819628278
0.99,5,40,no_target__separate_matched_penalty,all,0.22606152325565076,0.9654206172944941,0.809,0.8148916974999532,0.163090709306187,0.06297081394946379
0.99,5,40,no_target__separate_matched_penalty,not_yet_hit,0.2402640208755325,1.0260600317715642,0.796842996933026,0.803895308368839,0.18416924523134626,0.05609477564418616
0.99,10,40,no_target__separate_matched_penalty,all,0.22958236892355813,0.9327874565432236,0.809,0.8197995285658659,0.16168034981319332,0.06790201911036481
0.99,10,40,no_target__separate_matched_penalty,not_yet_hit,0.2626747245886659,1.0658863357445216,0.7851627943733207,0.7767378535116771,0.20846949764402023,0.05420522694464574
0.99,5,20,best__pooled,all,0.3403514612405414,0.8814152298237565,0.42,0.4710656519612748,0.1833170015422323,0.15703445969830906
0.99,5,20,best__pooled,not_yet_hit,0.3605599314184041,0.9338125176552108,0.38381231918383363,0.4397677437454342,0.20592044836320528,0.1546394830551988
0.99,5,40,best__pooled,all,0.2268754132965149,1.171143287405697,0.809,0.8277356865884579,0.16232345821396138,0.06455195508255347
0.99,5,40,best__pooled,not_yet_hit,0.24107840796316182,1.2447905231658987,0.796842996933026,0.8176100801914681,0.18325715218930685,0.05782125577385507
0.99,10,20,best__pooled,all,0.24758862748399307,0.6727024913217395,0.42,0.48352614766019586,0.10755587544973591,0.14003275203425716
0.99,10,20,best__pooled,not_yet_hit,0.3074276389219118,0.8321779726031349,0.32640473620316846,0.36098482313039937,0.15107924413816526,0.1563483947837465
0.99,10,40,best__pooled,all,0.2363445674985189,1.0885431228677644,0.809,0.8193853844527481,0.16541067583935334,0.07093389165916554
0.99,10,40,best__pooled,not_yet_hit,0.2718114366646842,1.2427685153066235,0.7851627943733207,0.7739347725934619,0.2154047141638578,0.056406722500826394
0.99,5,20,best__separate,all,0.30724454231435105,0.8100905764203966,0.42,0.46860746142040044,0.1591781934617678,0.14806634885258327
0.99,5,20,best__separate,not_yet_hit,0.3258343029038425,0.8591941029346589,0.38381231918383363,0.4367284514761959,0.17923712019722085,0.14659718270662164
0.99,10,20,best__separate,all,0.22543865405522132,0.6202918641805247,0.42,0.4700123070550005,0.09444405191167082,0.1309946021435505
0.99,10,20,best__separate,not_yet_hit,0.28080199828946967,0.7682305611630093,0.32640473620316846,0.3481990398777292,0.13490362324687086,0.1458983750425988
0.99,5,40,best__separate,all,0.24184589594899444,1.1316857857930354,0.809,0.8317925346602838,0.1629442540919508,0.07890164185704367
0.99,5,40,best__separate,not_yet_hit,0.2566326133349275,1.2019299581030367,0.796842996933026,0.8223834994969754,0.18356277022845424,0.07306984310647324
0.99,10,40,best__separate,all,0.24291410261474433,1.067239272926676,0.809,0.8292395610829104,0.1614333851593552,0.08148071745538912
0.99,10,40,best__separate,not_yet_hit,0.28333430698441975,1.2289938588996907,0.7851627943733207,0.7813223379951179,0.21449390469820875,0.06884040228621102
0.99,5,20,best__separate_matched_penalty,all,0.30738779944332384,0.810511773594653,0.42,0.46888289622756135,0.15929647057445973,0.14809132886886409
0.99,5,20,best__separate_matched_penalty,not_yet_hit,0.32598892644590527,0.8596483202963631,0.38381231918383363,0.43701886957802455,0.1793747193314021,0.14661420711450318
0.99,10,20,best__separate_matched_penalty,all,0.22545430208403272,0.6203675982673731,0.42,0.4699090830556234,0.09446191283145257,0.13099238925258017
0.99,10,20,best__separate_matched_penalty,not_yet_hit,0.2808277941461902,0.7683437431319206,0.32640473620316846,0.34807555744307295,0.13495021816295877,0.14587757598323145
0.99,5,40,best__separate_matched_penalty,all,0.2421897038162057,1.1402659420000756,0.809,0.8319752583907669,0.16304177593070937,0.07914792788549618
0.99,5,40,best__separate_matched_penalty,not_yet_hit,0.2569935021364529,1.2110452691589477,0.796842996933026,0.8225836818203184,0.18366907110720365,0.07332443102924913
0.99,10,40,best__separate_matched_penalty,all,0.2431512788175095,1.070674610319406,0.809,0.8293247573106035,0.1615032652375123,0.08164801357999711
0.99,10,40,best__separate_matched_penalty,not_yet_hit,0.28365458569927987,1.2329506930244967,0.7851627943733207,0.7813852580096681,0.2146236605961115,0.06903092510316823
0.99,5,20,pilot_summary__pooled,all,0.16488591022553625,0.4999528709148522,0.42,0.44155592696657187,0.01672196656273676,0.1481639436627995
0.99,5,20,pilot_summary__pooled,not_yet_hit,0.1747318447911256,0.5301218710699521,0.38381231918383363,0.4081219106385091,0.01900704987352842,0.15572479491759716
0.99,5,40,pilot_summary__pooled,all,0.295913833486561,0.9975313392543749,0.809,0.8193405819147279,0.22731814135181388,0.06859569213474716
0.99,5,40,pilot_summary__pooled,not_yet_hit,0.31476496418397587,1.0610566775607113,0.796842996933026,0.8079821873980986,0.2572691040971337,0.05749586008684216
0.99,10,20,pilot_summary__pooled,all,0.1455816040958345,0.4285901823407671,0.42,0.42078645497467754,0.015713519347989095,0.1298680847478454
0.99,10,20,pilot_summary__pooled,not_yet_hit,0.18902909435082352,0.548683691406854,0.32640473620316846,0.32593947540935764,0.027756143096148822,0.16127295125467472
0.99,10,40,pilot_summary__pooled,all,0.2704799742105024,0.8875620445891798,0.809,0.8295201655828558,0.2048531018334957,0.06562687237700672
0.99,10,40,pilot_summary__pooled,not_yet_hit,0.2988611537451779,0.9891451464615713,0.7851627943733207,0.8138226397781573,0.24414376629935122,0.05471738744582668
0.99,5,20,pilot_summary__separate,all,0.1542433881516446,0.4721317481808124,0.42,0.425553207562922,0.011730014037455059,0.14251337411418957
0.99,5,20,pilot_summary__separate,not_yet_hit,0.16347678759071205,0.5004586713917489,0.38381231918383363,0.39047251043100717,0.013101591200766684,0.15037519638994534
0.99,10,20,pilot_summary__separate,all,0.13437564871707,0.40318206118697997,0.42,0.4249431301829346,0.013772214040887168,0.12060343467618281
0.99,10,20,pilot_summary__separate,not_yet_hit,0.17360339280562057,0.5133608112136931,0.32640473620316846,0.3307315670059438,0.023890283462814663,0.14971310934280593
0.99,5,40,pilot_summary__separate,all,0.33922051064557196,2.3180285853494733,0.809,0.8087590139138002,0.2673231203210637,0.07189739032450825
0.99,5,40,pilot_summary__separate,not_yet_hit,0.36083461376700515,2.465840520906598,0.796842996933026,0.7966828446620758,0.3025472734368074,0.05828734033019778
0.99,10,40,pilot_summary__separate,all,0.31398226546811764,2.0165980139643267,0.809,0.8182553371740556,0.2441409371379255,0.06984132833019212
0.99,10,40,pilot_summary__separate,not_yet_hit,0.3459291780419145,2.243242087742457,0.7851627943733207,0.8024832236794364,0.28983986633937237,0.05608931170254228
0.99,5,20,pilot_summary__separate_matched_penalty,all,0.15422510141087598,0.4722563780725215,0.42,0.425236542026527,0.01167804392142583,0.14254705748945015
0.99,5,20,pilot_summary__separate_matched_penalty,not_yet_hit,0.16345918843422141,0.5005954855510011,0.38381231918383363,0.3901298705016683,0.013044525352322357,0.15041466308189905
0.99,10,20,pilot_summary__separate_matched_penalty,all,0.13435700073916262,0.40310259508932555,0.42,0.4245703521841176,0.013720562067669917,0.12063643867149271
0.99,10,20,pilot_summary__separate_matched_penalty,not_yet_hit,0.17360436733041024,0.5133357416141133,0.32640473620316846,0.3304152456322504,0.023850800720274044,0.14975356661013617
0.99,5,40,pilot_summary__separate_matched_penalty,all,0.3442794206496537,2.508833643881567,0.809,0.8059305508263173,0.2718632142063294,0.0724162064433243
0.99,5,40,pilot_summary__separate_matched_penalty,not_yet_hit,0.36621670058878003,2.6688289345165033,0.796842996933026,0.7936697235410164,0.30768552401063737,0.058531176578142524
0.99,10,40,pilot_summary__separate_matched_penalty,all,0.3205237231138143,2.1633969445616548,0.809,0.8144315097638138,0.25020386070861234,0.07031986240520202
0.99,10,40,pilot_summary__separate_matched_penalty,not_yet_hit,0.3528735967018457,2.405421456214225,0.7851627943733207,0.7985424069881563,0.2966946279703423,0.056178968731503354
