d,condition,requests,observations,prior_constraints,joint_rank,transcript_classes,hidden_laws,bayes_exact_recovery
1,one_observation,1,1,0,1,2,2,1.0
1,duplicates_in_one_request,1,1,0,1,2,2,1.0
1,independent_batch,1,1,0,1,2,2,1.0
1,complementary_prior,1,1,0,1,2,2,1.0
1,redundant_prior,1,1,1,1,2,2,1.0
2,one_observation,1,1,0,1,2,4,0.5
2,duplicates_in_one_request,1,2,0,1,2,4,0.5
2,independent_batch,1,2,0,2,4,4,1.0
2,complementary_prior,1,1,1,2,4,4,1.0
2,redundant_prior,1,1,1,1,2,4,0.5
3,one_observation,1,1,0,1,2,8,0.25
3,duplicates_in_one_request,1,3,0,1,2,8,0.25
3,independent_batch,1,3,0,3,8,8,1.0
3,complementary_prior,1,1,2,3,8,8,1.0
3,redundant_prior,1,1,1,1,2,8,0.25
4,one_observation,1,1,0,1,2,16,0.125
4,duplicates_in_one_request,1,4,0,1,2,16,0.125
4,independent_batch,1,4,0,4,16,16,1.0
4,complementary_prior,1,1,3,4,16,16,1.0
4,redundant_prior,1,1,1,1,2,16,0.125
5,one_observation,1,1,0,1,2,32,0.0625
5,duplicates_in_one_request,1,5,0,1,2,32,0.0625
5,independent_batch,1,5,0,5,32,32,1.0
5,complementary_prior,1,1,4,5,32,32,1.0
5,redundant_prior,1,1,1,1,2,32,0.0625
6,one_observation,1,1,0,1,2,64,0.03125
6,duplicates_in_one_request,1,6,0,1,2,64,0.03125
6,independent_batch,1,6,0,6,64,64,1.0
6,complementary_prior,1,1,5,6,64,64,1.0
6,redundant_prior,1,1,1,1,2,64,0.03125
7,one_observation,1,1,0,1,2,128,0.015625
7,duplicates_in_one_request,1,7,0,1,2,128,0.015625
7,independent_batch,1,7,0,7,128,128,1.0
7,complementary_prior,1,1,6,7,128,128,1.0
7,redundant_prior,1,1,1,1,2,128,0.015625
8,one_observation,1,1,0,1,2,256,0.0078125
8,duplicates_in_one_request,1,8,0,1,2,256,0.0078125
8,independent_batch,1,8,0,8,256,256,1.0
8,complementary_prior,1,1,7,8,256,256,1.0
8,redundant_prior,1,1,1,1,2,256,0.0078125
