family,table,candidates,archive_hits,budget,oracle_uniform_hit_probability
additives,additive_rxn_screening_plate_1,512,52,20,0.8875304630206298
additives,additive_rxn_screening_plate_1,512,52,40,0.9885080764318113
additives,additive_rxn_screening_plate_2,512,52,20,0.8875304630206298
additives,additive_rxn_screening_plate_2,512,52,40,0.9885080764318113
additives,additive_rxn_screening_plate_3,512,52,20,0.8875304630206298
additives,additive_rxn_screening_plate_3,512,52,40,0.9885080764318113
additives,additive_rxn_screening_plate_4,512,52,20,0.8875304630206298
additives,additive_rxn_screening_plate_4,512,52,40,0.9885080764318113
buchwald-hartwig,bh_reaction_1,512,52,20,0.8875304630206298
buchwald-hartwig,bh_reaction_1,512,52,40,0.9885080764318113
buchwald-hartwig,bh_reaction_2,512,52,20,0.8875304630206298
buchwald-hartwig,bh_reaction_2,512,52,40,0.9885080764318113
buchwald-hartwig,bh_reaction_3,512,52,20,0.8875304630206298
buchwald-hartwig,bh_reaction_3,512,52,40,0.9885080764318113
buchwald-hartwig,bh_reaction_4,512,52,20,0.8875304630206298
buchwald-hartwig,bh_reaction_4,512,52,40,0.9885080764318113
buchwald-hartwig,bh_reaction_5,512,52,20,0.8875304630206298
buchwald-hartwig,bh_reaction_5,512,52,40,0.9885080764318113
c2-yield,c2_yield_data,512,53,20,0.892420442889298
c2-yield,c2_yield_data,512,53,40,0.9895073741333928
suzuki-miyaura,suzuki_miyaura_data,512,52,20,0.8875304630206298
suzuki-miyaura,suzuki_miyaura_data,512,52,40,0.9885080764318113
