pilot,budget,predictor,stratum,brier,log_loss,hit_rate
5,20,best,all,0.01826419142171888,0.09621944737967908,0.982
5,20,best,not_yet_hit,0.03197051744344999,0.1672268570781772,0.9684022076263455
5,20,count,all,0.01772717093240001,0.08549175079428016,0.982
5,20,count,not_yet_hit,0.03106245881198315,0.14865256172855537,0.9684022076263455
5,20,no_target,all,0.017727170932400678,0.08549175079429186,0.982
5,20,no_target,not_yet_hit,0.03106245881198435,0.14865256172857627,0.9684022076263455
5,20,pilot_summary,all,0.018615120914103826,0.10181419701153505,0.982
5,20,pilot_summary,not_yet_hit,0.032530706589544545,0.1766114478964894,0.9684022076263455
5,40,best,all,2.081963778308049e-06,0.0008178634577480988,1.0
5,40,best,not_yet_hit,3.4544576414633547e-06,0.0013684004104032887,1.0
5,40,count,all,1.5274920594189837e-06,0.0009270045037658129,1.0
5,40,count,not_yet_hit,2.5652232257844443e-06,0.0015651649512840057,1.0
5,40,no_target,all,1.5274920594792037e-06,0.0009270045037893287,1.0
5,40,no_target,not_yet_hit,2.5652232258919798e-06,0.0015651649513259982,1.0
5,40,pilot_summary,all,3.1628869080114504e-06,0.0008884850333044816,1.0
5,40,pilot_summary,not_yet_hit,5.2197866391306615e-06,0.0014729960289568784,1.0
10,20,best,all,0.01767992267355977,0.07415744627355601,0.982
10,20,best,not_yet_hit,0.09375972165102975,0.37994252751059343,0.902958152958153
10,20,count,all,0.01730020346989955,0.0671444778041341,0.982
10,20,count,not_yet_hit,0.09100623343640474,0.34106905303904317,0.902958152958153
10,20,no_target,all,0.01730020346989722,0.06714447780411878,0.982
10,20,no_target,not_yet_hit,0.0910062334363918,0.3410690530389581,0.902958152958153
10,20,pilot_summary,all,0.01785563835784957,0.07593155020079992,0.982
10,20,pilot_summary,not_yet_hit,0.09401203267447383,0.38509163958159187,0.902958152958153
10,40,best,all,2.7607110024259064e-06,0.0006902521413780201,1.0
10,40,best,not_yet_hit,1.2609742135973844e-05,0.003151359004229524,1.0
10,40,count,all,4.9994723025878475e-06,0.0010147029335101547,1.0
10,40,count,not_yet_hit,2.2570388854133706e-05,0.004651713004242585,1.0
10,40,no_target,all,4.999472302789711e-06,0.0010147029335368849,1.0
10,40,no_target,not_yet_hit,2.2570388855255168e-05,0.004651713004391085,1.0
10,40,pilot_summary,all,3.3449632749472295e-06,0.0007156295524928622,1.0
10,40,pilot_summary,not_yet_hit,1.5261705099305516e-05,0.0032273512869421964,1.0
