family,pilot,budget,predictor,stratum,brier,log_loss,hit_rate
additives,5,20,best,all,0.0017502798483760248,0.027716860884801166,1.0
additives,5,20,best,not_yet_hit,0.0028183666737695,0.04425349756492611,1.0
additives,5,20,count,all,0.0010664749102564995,0.026366335684843187,1.0
additives,5,20,count,not_yet_hit,0.0017063598558103993,0.04218553709544908,1.0
additives,5,20,no_target,all,0.0010664749102564995,0.026366335684843187,1.0
additives,5,20,no_target,not_yet_hit,0.0017063598558103993,0.04218553709544908,1.0
additives,5,20,pilot_summary,all,0.0030736220854557343,0.03625526770740186,1.0
additives,5,20,pilot_summary,not_yet_hit,0.0049369236905441255,0.057657819499845615,1.0
additives,5,40,best,all,4.013109449696978e-06,0.0012195133198079481,1.0
additives,5,40,best,not_yet_hit,6.467271833797899e-06,0.0019471491422231777,1.0
additives,5,40,count,all,2.2524740732870225e-06,0.0011880084846672145,1.0
additives,5,40,count,not_yet_hit,3.603957917259236e-06,0.0019002135751675251,1.0
additives,5,40,no_target,all,2.2524740732870225e-06,0.0011880084846672145,1.0
additives,5,40,no_target,not_yet_hit,3.603957917259236e-06,0.0019002135751675251,1.0
additives,5,40,pilot_summary,all,7.4867723920773035e-06,0.0016038201170306653,1.0
additives,5,40,pilot_summary,not_yet_hit,1.2084845454473473e-05,0.0025516610550139233,1.0
additives,10,20,best,all,0.0018840975758297996,0.023519269517003397,1.0
additives,10,20,best,not_yet_hit,0.006955742981735203,0.08695929292008722,1.0
additives,10,20,count,all,0.0036727647429621608,0.03348409879316449,1.0
additives,10,20,count,not_yet_hit,0.01360283237863763,0.12401247701036841,1.0
additives,10,20,no_target,all,0.0036727647429621816,0.03348409879316459,1.0
additives,10,20,no_target,not_yet_hit,0.013602832378637707,0.1240124770103688,1.0
additives,10,20,pilot_summary,all,0.002859247767825777,0.028765430762528976,1.0
additives,10,20,pilot_summary,not_yet_hit,0.010653315704799564,0.10686140077526438,1.0
additives,10,40,best,all,4.020139136104832e-06,0.0010427244664780767,1.0
additives,10,40,best,not_yet_hit,1.483749423164362e-05,0.003852479122068526,1.0
additives,10,40,count,all,9.065236368967993e-06,0.0015697653020081913,1.0
additives,10,40,count,not_yet_hit,3.357494681099257e-05,0.005811241857937667,1.0
additives,10,40,no_target,all,9.065236368967993e-06,0.0015697653020081913,1.0
additives,10,40,no_target,not_yet_hit,3.357494681099257e-05,0.005811241857937667,1.0
additives,10,40,pilot_summary,all,6.337143479547703e-06,0.0012792525267495084,1.0
additives,10,40,pilot_summary,not_yet_hit,2.3629871399653275e-05,0.004750595998444232,1.0
buchwald-hartwig,5,20,best,all,0.012130584580357331,0.0610775803816034,0.9879999999999999
buchwald-hartwig,5,20,best,not_yet_hit,0.02182249235840757,0.10818265899336206,0.9782886334610472
buchwald-hartwig,5,20,count,all,0.011859630623272294,0.060439215419997236,0.9879999999999999
buchwald-hartwig,5,20,count,not_yet_hit,0.021384699840584488,0.10715895264735358,0.9782886334610472
buchwald-hartwig,5,20,no_target,all,0.011859630623272293,0.060439215419997194,0.9879999999999999
buchwald-hartwig,5,20,no_target,not_yet_hit,0.021384699840584484,0.10715895264735346,0.9782886334610472
buchwald-hartwig,5,20,pilot_summary,all,0.01208255758451091,0.05917926678909483,0.9879999999999999
buchwald-hartwig,5,20,pilot_summary,not_yet_hit,0.021717706239266464,0.10460418663643292,0.9782886334610472
buchwald-hartwig,5,40,best,all,3.3670830726607275e-06,0.0011205383514965288,1.0
buchwald-hartwig,5,40,best,not_yet_hit,5.697241435601484e-06,0.0018998035466818689,1.0
buchwald-hartwig,5,40,count,all,2.1567865436948095e-06,0.0011276313041043945,1.0
buchwald-hartwig,5,40,count,not_yet_hit,3.6680036253313095e-06,0.0019170396324802424,1.0
buchwald-hartwig,5,40,no_target,all,2.1567865436948095e-06,0.0011276313041043945,1.0
buchwald-hartwig,5,40,no_target,not_yet_hit,3.6680036253313095e-06,0.0019170396324802424,1.0
buchwald-hartwig,5,40,pilot_summary,all,4.457957391582265e-06,0.001260361070105586,1.0
buchwald-hartwig,5,40,pilot_summary,not_yet_hit,7.571032645624843e-06,0.002140959092791074,1.0
buchwald-hartwig,10,20,best,all,0.011832177226527418,0.04753024199005523,0.9879999999999999
buchwald-hartwig,10,20,best,not_yet_hit,0.09015084978317556,0.3365524796272189,0.9047619047619048
buchwald-hartwig,10,20,count,all,0.011377411419774188,0.04558339762564429,0.9879999999999999
buchwald-hartwig,10,20,count,not_yet_hit,0.08618218797366557,0.3145777320519574,0.9047619047619048
buchwald-hartwig,10,20,no_target,all,0.011377411419774188,0.04558339762564429,0.9879999999999999
buchwald-hartwig,10,20,no_target,not_yet_hit,0.08618218797366557,0.3145777320519574,0.9047619047619048
buchwald-hartwig,10,20,pilot_summary,all,0.011357364186605257,0.04428868193318784,0.9879999999999999
buchwald-hartwig,10,20,pilot_summary,not_yet_hit,0.08611957760079456,0.3077335618108895,0.9047619047619048
buchwald-hartwig,10,40,best,all,4.9137046763415225e-06,0.0008492494303717344,1.0
buchwald-hartwig,10,40,best,not_yet_hit,2.5381994322106435e-05,0.00447290300954436,1.0
buchwald-hartwig,10,40,count,all,5.687817041109663e-06,0.0010377405801264466,1.0
buchwald-hartwig,10,40,count,not_yet_hit,3.0254341644200335e-05,0.005515577551704377,1.0
buchwald-hartwig,10,40,no_target,all,5.687817041109663e-06,0.0010377405801264466,1.0
buchwald-hartwig,10,40,no_target,not_yet_hit,3.0254341644200335e-05,0.005515577551704377,1.0
buchwald-hartwig,10,40,pilot_summary,all,5.634531780522758e-06,0.0009380975795010753,1.0
buchwald-hartwig,10,40,pilot_summary,not_yet_hit,3.076624198029531e-05,0.005028306093599319,1.0
c2-yield,5,20,best,all,0.019712027240495335,0.0971842222393242,0.98
c2-yield,5,20,best,not_yet_hit,0.03520004864295596,0.17354246828411463,0.9642857142857143
c2-yield,5,20,count,all,0.019306325491497536,0.08661975845225733,0.98
c2-yield,5,20,count,not_yet_hit,0.03447558123403132,0.15467735437863803,0.9642857142857143
c2-yield,5,20,no_target,all,0.01930632549150023,0.08661975845230419,0.98
c2-yield,5,20,no_target,not_yet_hit,0.03447558123403613,0.15467735437872174,0.9642857142857143
c2-yield,5,20,pilot_summary,all,0.01980299840064706,0.106546096325031,0.98
c2-yield,5,20,pilot_summary,not_yet_hit,0.0353624971432269,0.19026010058001958,0.9642857142857143
c2-yield,5,40,best,all,3.15344869927777e-07,0.00036203853297866914,1.0
c2-yield,5,40,best,not_yet_hit,5.631150534424588e-07,0.0006457116656404577,1.0
c2-yield,5,40,count,all,9.204564358521723e-07,0.0007188528193040036,1.0
c2-yield,5,40,count,not_yet_hit,1.6436714211645933e-06,0.0012828800340785546,1.0
c2-yield,5,40,no_target,all,9.204564360930519e-07,0.0007188528193980668,1.0
c2-yield,5,40,no_target,not_yet_hit,1.6436714215947357e-06,0.0012828800342465246,1.0
c2-yield,5,40,pilot_summary,all,7.500449751658457e-08,0.00018894036265946907,1.0
c2-yield,5,40,pilot_summary,not_yet_hit,1.3393581699390095e-07,0.00033660779007045746,1.0
c2-yield,10,20,best,all,0.0186375993953677,0.07019254298188314,0.98
c2-yield,10,20,best,not_yet_hit,0.10354221885859838,0.38995401656373935,0.8888888888888888
c2-yield,10,20,count,all,0.017919644541524293,0.06364029647714464,0.98
c2-yield,10,20,count,not_yet_hit,0.09955358078169053,0.3535526470929701,0.8888888888888888
c2-yield,10,20,no_target,all,0.017919644541514974,0.06364029647708343,0.98
c2-yield,10,20,no_target,not_yet_hit,0.09955358078163876,0.35355264709262996,0.8888888888888888
c2-yield,10,20,pilot_summary,all,0.019055748380045524,0.07649750330314888,0.98
c2-yield,10,20,pilot_summary,not_yet_hit,0.10586526877347517,0.42498157390410457,0.8888888888888888
c2-yield,10,40,best,all,6.267923225861401e-07,0.00033461734148217945,1.0
c2-yield,10,40,best,not_yet_hit,3.4821750143674434e-06,0.0018544296726230865,1.0
c2-yield,10,40,count,all,2.5859912104966963e-06,0.0006843759516883277,1.0
c2-yield,10,40,count,not_yet_hit,1.4366613280537205e-05,0.003797533062657243,1.0
c2-yield,10,40,no_target,all,2.585991211304149e-06,0.0006843759517952477,1.0
c2-yield,10,40,no_target,not_yet_hit,1.4366613285023054e-05,0.003797533063251244,1.0
c2-yield,10,40,pilot_summary,all,2.4740768836769626e-07,0.00020396156243432351,1.0
c2-yield,10,40,pilot_summary,not_yet_hit,1.3744826020427567e-06,0.0011285642334683311,1.0
suzuki-miyaura,5,20,best,all,0.039463874017646824,0.19889912601298754,0.96
suzuki-miyaura,5,20,best,not_yet_hit,0.06804116209866694,0.34292880347030597,0.9310344827586207
suzuki-miyaura,5,20,count,all,0.0386762527045737,0.1685416936200229,0.96
suzuki-miyaura,5,20,count,not_yet_hit,0.06668319431750638,0.29058840279278075,0.9310344827586207
suzuki-miyaura,5,20,no_target,all,0.0386762527045737,0.1685416936200229,0.96
suzuki-miyaura,5,20,no_target,not_yet_hit,0.06668319431750638,0.29058840279278075,0.9310344827586207
suzuki-miyaura,5,20,pilot_summary,all,0.0395013055858016,0.20527615722461248,0.96
suzuki-miyaura,5,20,pilot_summary,not_yet_hit,0.06810569928514068,0.3539236848696594,0.9310344827586207
suzuki-miyaura,5,40,best,all,6.323177209467147e-07,0.0005693636267092493,1.0
suzuki-miyaura,5,40,best,not_yet_hit,1.0902022430115768e-06,0.0009809372870676503,1.0
suzuki-miyaura,5,40,count,all,7.802511848419307e-07,0.0006735254069876387,1.0
suzuki-miyaura,5,40,count,not_yet_hit,1.3452599393826381e-06,0.0011605265634097007,1.0
suzuki-miyaura,5,40,no_target,all,7.802511848419307e-07,0.0006735254069876387,1.0
suzuki-miyaura,5,40,no_target,not_yet_hit,1.3452599393826381e-06,0.0011605265634097007,1.0
suzuki-miyaura,5,40,pilot_summary,all,6.318133508696489e-07,0.0005008185834222064,1.0
suzuki-miyaura,5,40,pilot_summary,not_yet_hit,1.089332639430429e-06,0.0008627561779520588,1.0
suzuki-miyaura,10,20,best,all,0.03836581649651417,0.1553877306052823,0.96
suzuki-miyaura,10,20,best,not_yet_hit,0.17439007498060988,0.7063043209313283,0.8181818181818182
suzuki-miyaura,10,20,count,all,0.03623099317533755,0.12587011832058295,0.96
suzuki-miyaura,10,20,count,not_yet_hit,0.16468633261162524,0.5721333560008768,0.8181818181818182
suzuki-miyaura,10,20,no_target,all,0.03623099317533754,0.12587011832058284,0.96
suzuki-miyaura,10,20,no_target,not_yet_hit,0.16468633261162516,0.5721333560008763,0.8181818181818182
suzuki-miyaura,10,20,pilot_summary,all,0.038150193096921726,0.154174584804334,0.96
suzuki-miyaura,10,20,pilot_summary,not_yet_hit,0.17340996861882604,0.7007900218361091,0.8181818181818182
suzuki-miyaura,10,40,best,all,1.4822078746711317e-06,0.0005344173271800899,1.0
suzuki-miyaura,10,40,best,not_yet_hit,6.737304975777873e-06,0.002425624212682124,1.0
suzuki-miyaura,10,40,count,all,2.658844589777037e-06,0.0007669299002176537,1.0
suzuki-miyaura,10,40,count,not_yet_hit,1.2085653680804715e-05,0.00348249954467105,1.0
suzuki-miyaura,10,40,no_target,all,2.658844589777037e-06,0.0007669299002176537,1.0
suzuki-miyaura,10,40,no_target,not_yet_hit,1.2085653680804715e-05,0.00348249954467105,1.0
suzuki-miyaura,10,40,pilot_summary,all,1.1607701513507612e-06,0.0004412065412865415,1.0
suzuki-miyaura,10,40,pilot_summary,not_yet_hit,5.2762244152307315e-06,0.0020019388222569036,1.0
