family,table,pilot,budget,predictor,stratum,campaigns,brier,log_loss,hit_rate
additives,additive_rxn_screening_plate_1,5,20,best,all,50,0.0015429014489956358,0.021978552185267338,1.0
additives,additive_rxn_screening_plate_1,5,20,best,not_yet_hit,26,0.002967118170222376,0.04226552343274485,1.0
additives,additive_rxn_screening_plate_1,5,20,count,all,50,0.0008873071255014076,0.021936959289873537,1.0
additives,additive_rxn_screening_plate_1,5,20,count,not_yet_hit,26,0.0017063598558103993,0.042185537095449074,1.0
additives,additive_rxn_screening_plate_1,5,20,no_target,all,50,0.0008873071255014076,0.021936959289873537,1.0
additives,additive_rxn_screening_plate_1,5,20,no_target,not_yet_hit,26,0.0017063598558103993,0.042185537095449074,1.0
additives,additive_rxn_screening_plate_1,5,20,pilot_summary,all,50,0.0028358868551336676,0.028940342321321942,1.0
additives,additive_rxn_screening_plate_1,5,20,pilot_summary,not_yet_hit,26,0.005453628566641668,0.05565358138669602,1.0
additives,additive_rxn_screening_plate_1,5,40,best,all,50,3.5996444495388243e-06,0.0009713860407894441,1.0
additives,additive_rxn_screening_plate_1,5,40,best,not_yet_hit,26,6.922392249113123e-06,0.0018671270010565963,1.0
additives,additive_rxn_screening_plate_1,5,40,count,all,50,1.8740585969748027e-06,0.0009885910593271272,1.0
additives,additive_rxn_screening_plate_1,5,40,count,not_yet_hit,26,3.6039579172592355e-06,0.0019002135751675251,1.0
additives,additive_rxn_screening_plate_1,5,40,no_target,all,50,1.8740585969748027e-06,0.0009885910593271272,1.0
additives,additive_rxn_screening_plate_1,5,40,no_target,not_yet_hit,26,3.6039579172592355e-06,0.0019002135751675251,1.0
additives,additive_rxn_screening_plate_1,5,40,pilot_summary,all,50,7.314729287847172e-06,0.0012927499232961556,1.0
additives,additive_rxn_screening_plate_1,5,40,pilot_summary,not_yet_hit,26,1.4066786168936871e-05,0.002485134467415657,1.0
additives,additive_rxn_screening_plate_1,10,20,best,all,50,0.0033025439093549687,0.04316373005151426,1.0
additives,additive_rxn_screening_plate_1,10,20,best,not_yet_hit,26,0.006351045978605709,0.08300625009860434,1.0
additives,additive_rxn_screening_plate_1,10,20,count,all,50,0.007073472837371569,0.06448696804563159,1.0
additives,additive_rxn_screening_plate_1,10,20,count,not_yet_hit,26,0.01360283237863763,0.12401247701036841,1.0
additives,additive_rxn_screening_plate_1,10,20,no_target,all,50,0.007073472837371609,0.06448696804563178,1.0
additives,additive_rxn_screening_plate_1,10,20,no_target,not_yet_hit,26,0.013602832378637707,0.1240124770103688,1.0
additives,additive_rxn_screening_plate_1,10,20,pilot_summary,all,50,0.006431392773381263,0.060138035655563755,1.0
additives,additive_rxn_screening_plate_1,10,20,pilot_summary,not_yet_hit,26,0.01236806302481012,0.1156491454910072,1.0
additives,additive_rxn_screening_plate_1,10,40,best,all,50,6.986719375279861e-06,0.0019088637796788625,1.0
additives,additive_rxn_screening_plate_1,10,40,best,not_yet_hit,26,1.3435997875538194e-05,0.00366996880661317,1.0
additives,additive_rxn_screening_plate_1,10,40,count,all,50,1.7458972821716135e-05,0.0030223257663676006,1.0
additives,additive_rxn_screening_plate_1,10,40,count,not_yet_hit,26,3.357494681099257e-05,0.005811241857937668,1.0
additives,additive_rxn_screening_plate_1,10,40,no_target,all,50,1.7458972821716135e-05,0.0030223257663676006,1.0
additives,additive_rxn_screening_plate_1,10,40,no_target,not_yet_hit,26,3.357494681099257e-05,0.005811241857937668,1.0
additives,additive_rxn_screening_plate_1,10,40,pilot_summary,all,50,1.4519505082471128e-05,0.002685986365594698,1.0
additives,additive_rxn_screening_plate_1,10,40,pilot_summary,not_yet_hit,26,2.7922124235521404e-05,0.005164435317989777,1.0
additives,additive_rxn_screening_plate_2,5,20,best,all,50,0.001705740307668728,0.02567915568213429,1.0
additives,additive_rxn_screening_plate_2,5,20,best,not_yet_hit,28,0.0030459648343370144,0.04585484943198977,1.0
additives,additive_rxn_screening_plate_2,5,20,count,all,50,0.0009555615196938236,0.0236243407736715,1.0
additives,additive_rxn_screening_plate_2,5,20,count,not_yet_hit,28,0.0017063598558103993,0.04218553709544908,1.0
additives,additive_rxn_screening_plate_2,5,20,no_target,all,50,0.0009555615196938236,0.0236243407736715,1.0
additives,additive_rxn_screening_plate_2,5,20,no_target,not_yet_hit,28,0.0017063598558103993,0.04218553709544908,1.0
additives,additive_rxn_screening_plate_2,5,20,pilot_summary,all,50,0.002706573030582856,0.031022799650231973,1.0
additives,additive_rxn_screening_plate_2,5,20,pilot_summary,not_yet_hit,28,0.004833166125255099,0.05539707080359278,1.0
additives,additive_rxn_screening_plate_2,5,40,best,all,50,3.915231857083366e-06,0.0011320143866256705,1.0
additives,additive_rxn_screening_plate_2,5,40,best,not_yet_hit,28,6.991484673363152e-06,0.00202066854715296,1.0
additives,additive_rxn_screening_plate_2,5,40,count,all,50,2.018216873665172e-06,0.0010645596023138271,1.0
additives,additive_rxn_screening_plate_2,5,40,count,not_yet_hit,28,3.603957917259236e-06,0.001900213575167525,1.0
additives,additive_rxn_screening_plate_2,5,40,no_target,all,50,2.018216873665172e-06,0.0010645596023138271,1.0
additives,additive_rxn_screening_plate_2,5,40,no_target,not_yet_hit,28,3.603957917259236e-06,0.001900213575167525,1.0
additives,additive_rxn_screening_plate_2,5,40,pilot_summary,all,50,6.729683812815315e-06,0.001375332236572105,1.0
additives,additive_rxn_screening_plate_2,5,40,pilot_summary,not_yet_hit,28,1.2017291737170207e-05,0.002455164707771593,1.0
additives,additive_rxn_screening_plate_2,10,20,best,all,50,0.00423384639196423,0.05091134801549927,1.0
additives,additive_rxn_screening_plate_2,10,20,best,not_yet_hit,28,0.007560439984864696,0.09091233574157011,1.0
additives,additive_rxn_screening_plate_2,10,20,count,all,50,0.0076175861324770736,0.06944742712602632,1.0
additives,additive_rxn_screening_plate_2,10,20,count,not_yet_hit,28,0.01360283237863763,0.12401247701036842,1.0
additives,additive_rxn_screening_plate_2,10,20,no_target,all,50,0.007617586132477117,0.06944742712602654,1.0
additives,additive_rxn_screening_plate_2,10,20,no_target,not_yet_hit,28,0.013602832378637705,0.12401247701036881,1.0
additives,additive_rxn_screening_plate_2,10,20,pilot_summary,all,50,0.005005598295921845,0.054921687393552084,1.0
additives,additive_rxn_screening_plate_2,10,20,pilot_summary,not_yet_hit,28,0.008938568384789009,0.09807365605952156,1.0
additives,additive_rxn_screening_plate_2,10,40,best,all,50,9.093835169139464e-06,0.002260034085233386,1.0
additives,additive_rxn_screening_plate_2,10,40,best,not_yet_hit,28,1.6238990587749044e-05,0.004034989437523882,1.0
additives,additive_rxn_screening_plate_2,10,40,count,all,50,1.8801970654155836e-05,0.0032547354406651063,1.0
additives,additive_rxn_screening_plate_2,10,40,count,not_yet_hit,28,3.357494681099257e-05,0.005811241857937667,1.0
additives,additive_rxn_screening_plate_2,10,40,no_target,all,50,1.8801970654155836e-05,0.0032547354406651063,1.0
additives,additive_rxn_screening_plate_2,10,40,no_target,not_yet_hit,28,3.357494681099257e-05,0.005811241857937667,1.0
additives,additive_rxn_screening_plate_2,10,40,pilot_summary,all,50,1.0829066835719684e-05,0.0024290237404032775,1.0
additives,additive_rxn_screening_plate_2,10,40,pilot_summary,not_yet_hit,28,1.933761856378515e-05,0.004336756678898687,1.0
additives,additive_rxn_screening_plate_3,5,20,best,all,50,0.002527525904561556,0.03541072582137008,1.0
additives,additive_rxn_screening_plate_3,5,20,best,not_yet_hit,36,0.0035104526448354956,0.04918117475170844,1.0
additives,additive_rxn_screening_plate_3,5,20,count,all,50,0.0012285790964634876,0.030373866708863346,1.0
additives,additive_rxn_screening_plate_3,5,20,count,not_yet_hit,36,0.0017063598558103993,0.04218553709544908,1.0
additives,additive_rxn_screening_plate_3,5,20,no_target,all,50,0.0012285790964634876,0.030373866708863346,1.0
additives,additive_rxn_screening_plate_3,5,20,no_target,not_yet_hit,36,0.0017063598558103993,0.04218553709544908,1.0
additives,additive_rxn_screening_plate_3,5,20,pilot_summary,all,50,0.004658342628181574,0.0486330684904656,1.0
additives,additive_rxn_screening_plate_3,5,20,pilot_summary,not_yet_hit,36,0.0064699203165299625,0.06754553956989666,1.0
additives,additive_rxn_screening_plate_3,5,40,best,all,50,6.080890717540076e-06,0.0015667169338842784,1.0
additives,additive_rxn_screening_plate_3,5,40,best,not_yet_hit,36,8.445681163250106e-06,0.0021756068524225966,1.0
additives,additive_rxn_screening_plate_3,5,40,count,all,50,2.59484998042665e-06,0.0013684337742606268,1.0
additives,additive_rxn_screening_plate_3,5,40,count,not_yet_hit,36,3.603957917259236e-06,0.0019002135751675251,1.0
additives,additive_rxn_screening_plate_3,5,40,no_target,all,50,2.59484998042665e-06,0.0013684337742606268,1.0
additives,additive_rxn_screening_plate_3,5,40,no_target,not_yet_hit,36,3.603957917259236e-06,0.0019002135751675251,1.0
additives,additive_rxn_screening_plate_3,5,40,pilot_summary,all,50,1.1662673658254367e-05,0.0021666439561730537,1.0
additives,additive_rxn_screening_plate_3,5,40,pilot_summary,not_yet_hit,36,1.6198157469797726e-05,0.0030088388278236744,1.0
additives,additive_rxn_screening_plate_3,10,20,best,all,50,1.0000000000575112e-12,1.0000005000290893e-06,1.0
additives,additive_rxn_screening_plate_3,10,20,count,all,50,1.0000000000575112e-12,1.0000005000290893e-06,1.0
additives,additive_rxn_screening_plate_3,10,20,no_target,all,50,1.0000000000575112e-12,1.0000005000290893e-06,1.0
additives,additive_rxn_screening_plate_3,10,20,pilot_summary,all,50,1.0000000000575112e-12,1.0000005000290893e-06,1.0
additives,additive_rxn_screening_plate_3,10,40,best,all,50,1.0000000000575112e-12,1.0000005000290893e-06,1.0
additives,additive_rxn_screening_plate_3,10,40,count,all,50,1.0000000000575112e-12,1.0000005000290893e-06,1.0
additives,additive_rxn_screening_plate_3,10,40,no_target,all,50,1.0000000000575112e-12,1.0000005000290893e-06,1.0
additives,additive_rxn_screening_plate_3,10,40,pilot_summary,all,50,1.0000000000575112e-12,1.0000005000290893e-06,1.0
additives,additive_rxn_screening_plate_4,5,20,best,all,50,0.0012249517322781797,0.027799009850432967,1.0
additives,additive_rxn_screening_plate_4,5,20,best,not_yet_hit,35,0.0017499310456831137,0.039712442643261375,1.0
additives,additive_rxn_screening_plate_4,5,20,count,all,50,0.0011944518993672795,0.02953017596696436,1.0
additives,additive_rxn_screening_plate_4,5,20,count,not_yet_hit,35,0.0017063598558103993,0.04218553709544908,1.0
additives,additive_rxn_screening_plate_4,5,20,no_target,all,50,0.0011944518993672795,0.02953017596696436,1.0
additives,additive_rxn_screening_plate_4,5,20,no_target,not_yet_hit,35,0.0017063598558103993,0.04218553709544908,1.0
additives,additive_rxn_screening_plate_4,5,20,pilot_summary,all,50,0.0020936858279248403,0.03642486036758792,1.0
additives,additive_rxn_screening_plate_4,5,20,pilot_summary,not_yet_hit,35,0.002990979753749772,0.05203508623919701,1.0
additives,additive_rxn_screening_plate_4,5,40,best,all,50,2.456670774625649e-06,0.0012079359179323996,1.0
additives,additive_rxn_screening_plate_4,5,40,best,not_yet_hit,35,3.5095292494652127e-06,0.0017251941682605585,1.0
additives,additive_rxn_screening_plate_4,5,40,count,all,50,2.522770842081465e-06,0.0013304495027672766,1.0
additives,additive_rxn_screening_plate_4,5,40,count,not_yet_hit,35,3.603957917259236e-06,0.0019002135751675254,1.0
additives,additive_rxn_screening_plate_4,5,40,no_target,all,50,2.522770842081465e-06,0.0013304495027672766,1.0
additives,additive_rxn_screening_plate_4,5,40,no_target,not_yet_hit,35,3.603957917259236e-06,0.0019002135751675254,1.0
additives,additive_rxn_screening_plate_4,5,40,pilot_summary,all,50,4.2400028093923605e-06,0.001580554352081347,1.0
additives,additive_rxn_screening_plate_4,5,40,pilot_summary,not_yet_hit,35,6.0571464419890865e-06,0.0022575062170447687,1.0
additives,additive_rxn_screening_plate_4,10,20,best,all,50,1.0000000000575112e-12,1.0000005000290893e-06,1.0
additives,additive_rxn_screening_plate_4,10,20,count,all,50,1.0000000000575112e-12,1.0000005000290893e-06,1.0
additives,additive_rxn_screening_plate_4,10,20,no_target,all,50,1.0000000000575112e-12,1.0000005000290893e-06,1.0
additives,additive_rxn_screening_plate_4,10,20,pilot_summary,all,50,1.0000000000575112e-12,1.0000005000290893e-06,1.0
additives,additive_rxn_screening_plate_4,10,40,best,all,50,1.0000000000575112e-12,1.0000005000290893e-06,1.0
additives,additive_rxn_screening_plate_4,10,40,count,all,50,1.0000000000575112e-12,1.0000005000290893e-06,1.0
additives,additive_rxn_screening_plate_4,10,40,no_target,all,50,1.0000000000575112e-12,1.0000005000290893e-06,1.0
additives,additive_rxn_screening_plate_4,10,40,pilot_summary,all,50,1.0000000000575112e-12,1.0000005000290893e-06,1.0
buchwald-hartwig,bh_reaction_1,5,20,best,all,50,0.03758672080416374,0.15312056956430875,0.96
buchwald-hartwig,bh_reaction_1,5,20,best,not_yet_hit,27,0.0696050385253773,0.2835557584519976,0.9259259259259259
buchwald-hartwig,bh_reaction_1,5,20,count,all,50,0.03791547731196044,0.15272367561966438,0.96
buchwald-hartwig,bh_reaction_1,5,20,count,not_yet_hit,27,0.07021384687314897,0.2828207696656192,0.9259259259259259
buchwald-hartwig,bh_reaction_1,5,20,no_target,all,50,0.037915477311960454,0.15272367561966455,0.96
buchwald-hartwig,bh_reaction_1,5,20,no_target,not_yet_hit,27,0.070213846873149,0.2828207696656195,0.9259259259259259
buchwald-hartwig,bh_reaction_1,5,20,pilot_summary,all,50,0.03691367786056547,0.1426432503589481,0.96
buchwald-hartwig,bh_reaction_1,5,20,pilot_summary,not_yet_hit,27,0.06835866270389902,0.26415331547910753,0.9259259259259259
buchwald-hartwig,bh_reaction_1,5,40,best,all,50,2.1968843261673553e-06,0.0009342642325183642,1.0
buchwald-hartwig,bh_reaction_1,5,40,best,not_yet_hit,27,4.068303455865473e-06,0.001729267096830279,1.0
buchwald-hartwig,bh_reaction_1,5,40,count,all,50,1.980722417678907e-06,0.0010356614017693444,1.0
buchwald-hartwig,bh_reaction_1,5,40,count,not_yet_hit,27,3.6680036253313095e-06,0.0019170396324802424,1.0
buchwald-hartwig,bh_reaction_1,5,40,no_target,all,50,1.980722417678907e-06,0.0010356614017693444,1.0
buchwald-hartwig,bh_reaction_1,5,40,no_target,not_yet_hit,27,3.6680036253313095e-06,0.0019170396324802424,1.0
buchwald-hartwig,bh_reaction_1,5,40,pilot_summary,all,50,2.621947927743838e-06,0.0010187062421126202,1.0
buchwald-hartwig,bh_reaction_1,5,40,pilot_summary,not_yet_hit,27,4.8554582735997e-06,0.001885641188671494,1.0
buchwald-hartwig,bh_reaction_1,10,20,best,all,50,0.03569582241963187,0.11783563623884033,0.96
buchwald-hartwig,bh_reaction_1,10,20,best,not_yet_hit,6,0.29746518682293227,0.9819563019866692,0.6666666666666666
buchwald-hartwig,bh_reaction_1,10,20,count,all,50,0.03368786217104376,0.1033535691395607,0.96
buchwald-hartwig,bh_reaction_1,10,20,count,not_yet_hit,6,0.2807321847513647,0.8612724094926723,0.6666666666666666
buchwald-hartwig,bh_reaction_1,10,20,no_target,all,50,0.03368786217104376,0.1033535691395607,0.96
buchwald-hartwig,bh_reaction_1,10,20,no_target,not_yet_hit,6,0.2807321847513647,0.8612724094926723,0.6666666666666666
buchwald-hartwig,bh_reaction_1,10,20,pilot_summary,all,50,0.03349334685307968,0.10196724222636722,0.96
buchwald-hartwig,bh_reaction_1,10,20,pilot_summary,not_yet_hit,6,0.27911122376833064,0.8497196852160598,0.6666666666666666
buchwald-hartwig,bh_reaction_1,10,40,best,all,50,1.975599568531578e-06,0.00047449726628278786,1.0
buchwald-hartwig,bh_reaction_1,10,40,best,not_yet_hit,6,1.646332240442982e-05,0.003946810548689685,1.0
buchwald-hartwig,bh_reaction_1,10,40,count,all,50,3.6305218773040402e-06,0.0006627493066445508,1.0
buchwald-hartwig,bh_reaction_1,10,40,count,not_yet_hit,6,3.0254341644200332e-05,0.005515577551704377,1.0
buchwald-hartwig,bh_reaction_1,10,40,no_target,all,50,3.6305218773040402e-06,0.0006627493066445508,1.0
buchwald-hartwig,bh_reaction_1,10,40,no_target,not_yet_hit,6,3.0254341644200332e-05,0.005515577551704377,1.0
buchwald-hartwig,bh_reaction_1,10,40,pilot_summary,all,50,2.629574220291225e-06,0.0005518037653088174,1.0
buchwald-hartwig,bh_reaction_1,10,40,pilot_summary,not_yet_hit,6,2.1913111169093545e-05,0.004591031373906599,1.0
buchwald-hartwig,bh_reaction_2,5,20,best,all,50,0.0006695599693382617,0.017239767818759865,1.0
buchwald-hartwig,bh_reaction_2,5,20,best,not_yet_hit,30,0.0011159332815637692,0.02873227969759976,1.0
buchwald-hartwig,bh_reaction_2,5,20,count,all,50,0.0006830808868931873,0.02059453906211679,1.0
buchwald-hartwig,bh_reaction_2,5,20,count,not_yet_hit,30,0.0011384681441553122,0.03432356510319464,1.0
buchwald-hartwig,bh_reaction_2,5,20,no_target,all,50,0.0006830808868931782,0.020594539062116658,1.0
buchwald-hartwig,bh_reaction_2,5,20,no_target,not_yet_hit,30,0.0011384681441552968,0.03432356510319442,1.0
buchwald-hartwig,bh_reaction_2,5,20,pilot_summary,all,50,0.0007653618123381868,0.01837398779111068,1.0
buchwald-hartwig,bh_reaction_2,5,20,pilot_summary,not_yet_hit,30,0.0012756030198969774,0.030622646318184447,1.0
buchwald-hartwig,bh_reaction_2,5,40,best,all,50,2.076032493442354e-06,0.0009167848526745548,1.0
buchwald-hartwig,bh_reaction_2,5,40,best,not_yet_hit,30,3.460053489070591e-06,0.0015273080874575724,1.0
buchwald-hartwig,bh_reaction_2,5,40,count,all,50,2.2008025751987854e-06,0.001150623779688157,1.0
buchwald-hartwig,bh_reaction_2,5,40,count,not_yet_hit,30,3.6680036253313095e-06,0.0019170396324802426,1.0
buchwald-hartwig,bh_reaction_2,5,40,no_target,all,50,2.2008025751987854e-06,0.001150623779688157,1.0
buchwald-hartwig,bh_reaction_2,5,40,no_target,not_yet_hit,30,3.6680036253313095e-06,0.0019170396324802426,1.0
buchwald-hartwig,bh_reaction_2,5,40,pilot_summary,all,50,2.348087569159885e-06,0.0009775341393616545,1.0
buchwald-hartwig,bh_reaction_2,5,40,pilot_summary,not_yet_hit,30,3.913478615266475e-06,0.0016285568986027382,1.0
buchwald-hartwig,bh_reaction_2,10,20,best,all,50,0.0012376838216645474,0.01746965550664789,1.0
buchwald-hartwig,bh_reaction_2,10,20,best,not_yet_hit,12,0.005157015920435615,0.07278706460944943,1.0
buchwald-hartwig,bh_reaction_2,10,20,count,all,50,0.0020069254237806223,0.023016726658541167,1.0
buchwald-hartwig,bh_reaction_2,10,20,count,not_yet_hit,12,0.008362189262585928,0.09589986107567146,1.0
buchwald-hartwig,bh_reaction_2,10,20,no_target,all,50,0.0020069254237806223,0.023016726658541167,1.0
buchwald-hartwig,bh_reaction_2,10,20,no_target,not_yet_hit,12,0.008362189262585928,0.09589986107567146,1.0
buchwald-hartwig,bh_reaction_2,10,20,pilot_summary,all,50,0.0012570816765219426,0.01757761679715062,1.0
buchwald-hartwig,bh_reaction_2,10,20,pilot_summary,not_yet_hit,12,0.005237840315674759,0.07323690331987749,1.0
buchwald-hartwig,bh_reaction_2,10,40,best,all,50,3.915149726455286e-06,0.0009449405701465368,1.0
buchwald-hartwig,bh_reaction_2,10,40,best,not_yet_hit,12,1.6313120693563692e-05,0.003934085707360477,1.0
buchwald-hartwig,bh_reaction_2,10,40,count,all,50,7.26104275460808e-06,0.0013244986127890729,1.0
buchwald-hartwig,bh_reaction_2,10,40,count,not_yet_hit,12,3.0254341644200342e-05,0.005515577551704377,1.0
buchwald-hartwig,bh_reaction_2,10,40,no_target,all,50,7.26104275460808e-06,0.0013244986127890729,1.0
buchwald-hartwig,bh_reaction_2,10,40,no_target,not_yet_hit,12,3.0254341644200342e-05,0.005515577551704377,1.0
buchwald-hartwig,bh_reaction_2,10,40,pilot_summary,all,50,3.980911549833743e-06,0.0009503631107824836,1.0
buchwald-hartwig,bh_reaction_2,10,40,pilot_summary,not_yet_hit,12,1.6587128290973933e-05,0.003956679626676922,1.0
buchwald-hartwig,bh_reaction_3,5,20,best,all,50,0.001783354678722465,0.025771021806428283,1.0
buchwald-hartwig,bh_reaction_3,5,20,best,not_yet_hit,29,0.003074749445349077,0.04443207207968668,1.0
buchwald-hartwig,bh_reaction_3,5,20,count,all,50,0.0006603115240300811,0.0199080877600629,1.0
buchwald-hartwig,bh_reaction_3,5,20,count,not_yet_hit,29,0.0011384681441553122,0.03432356510319464,1.0
buchwald-hartwig,bh_reaction_3,5,20,no_target,all,50,0.0006603115240300725,0.019908087760062768,1.0
buchwald-hartwig,bh_reaction_3,5,20,no_target,not_yet_hit,29,0.001138468144155297,0.03432356510319441,1.0
buchwald-hartwig,bh_reaction_3,5,20,pilot_summary,all,50,0.0025260122991661244,0.030284518148768296,1.0
buchwald-hartwig,bh_reaction_3,5,20,pilot_summary,not_yet_hit,29,0.004355193618527801,0.05221396232510049,1.0
buchwald-hartwig,bh_reaction_3,5,40,best,all,50,6.077005602319538e-06,0.001394608325124562,1.0
buchwald-hartwig,bh_reaction_3,5,40,best,not_yet_hit,29,1.0477595141930239e-05,0.0024037729739906028,1.0
buchwald-hartwig,bh_reaction_3,5,40,count,all,50,2.127442522692159e-06,0.0011123029870485528,1.0
buchwald-hartwig,bh_reaction_3,5,40,count,not_yet_hit,29,3.6680036253313095e-06,0.0019170396324802424,1.0
buchwald-hartwig,bh_reaction_3,5,40,no_target,all,50,2.127442522692159e-06,0.0011123029870485528,1.0
buchwald-hartwig,bh_reaction_3,5,40,no_target,not_yet_hit,29,3.6680036253313095e-06,0.0019170396324802424,1.0
buchwald-hartwig,bh_reaction_3,5,40,pilot_summary,all,50,9.126015812911382e-06,0.0016527826793455692,1.0
buchwald-hartwig,bh_reaction_3,5,40,pilot_summary,not_yet_hit,29,1.5734509298123073e-05,0.0028489011709233736,1.0
buchwald-hartwig,bh_reaction_3,10,20,best,all,50,0.0027916751721424136,0.027039763352814824,1.0
buchwald-hartwig,bh_reaction_3,10,20,best,not_yet_hit,15,0.009305583904808045,0.09013021117488271,1.0
buchwald-hartwig,bh_reaction_3,10,20,count,all,50,0.0025086567794757775,0.02877065832305145,1.0
buchwald-hartwig,bh_reaction_3,10,20,count,not_yet_hit,15,0.008362189262585928,0.09589986107567144,1.0
buchwald-hartwig,bh_reaction_3,10,20,no_target,all,50,0.0025086567794757775,0.02877065832305145,1.0
buchwald-hartwig,bh_reaction_3,10,20,no_target,not_yet_hit,15,0.008362189262585928,0.09589986107567144,1.0
buchwald-hartwig,bh_reaction_3,10,20,pilot_summary,all,50,0.002927919473592292,0.029431749566512237,1.0
buchwald-hartwig,bh_reaction_3,10,20,pilot_summary,not_yet_hit,15,0.009759731576307638,0.09810349855387406,1.0
buchwald-hartwig,bh_reaction_3,10,40,best,all,50,1.0310771340560003e-05,0.0014944800316973603,1.0
buchwald-hartwig,bh_reaction_3,10,40,best,not_yet_hit,15,3.436923546853334e-05,0.0049792667711577995,1.0
buchwald-hartwig,bh_reaction_3,10,40,count,all,50,9.076303193260099e-06,0.0016553732658613335,1.0
buchwald-hartwig,bh_reaction_3,10,40,count,not_yet_hit,15,3.0254341644200345e-05,0.005515577551704376,1.0
buchwald-hartwig,bh_reaction_3,10,40,no_target,all,50,9.076303193260099e-06,0.0016553732658613335,1.0
buchwald-hartwig,bh_reaction_3,10,40,no_target,not_yet_hit,15,3.0254341644200345e-05,0.005515577551704376,1.0
buchwald-hartwig,bh_reaction_3,10,40,pilot_summary,all,50,1.0154691045046664e-05,0.0016183868030365987,1.0
buchwald-hartwig,bh_reaction_3,10,40,pilot_summary,not_yet_hit,15,3.384896781682221e-05,0.005392289342288594,1.0
buchwald-hartwig,bh_reaction_4,5,20,best,all,50,0.019231122801431248,0.08340321663444848,0.98
buchwald-hartwig,bh_reaction_4,5,20,best,not_yet_hit,29,0.033157108277605596,0.14379792523144563,0.9655172413793104
buchwald-hartwig,bh_reaction_4,5,20,count,all,50,0.019310663780858366,0.08700233299191755,0.98
buchwald-hartwig,bh_reaction_4,5,20,count,not_yet_hit,29,0.033294247897307526,0.15000329826156472,0.9655172413793104
buchwald-hartwig,bh_reaction_4,5,20,no_target,all,50,0.019310663780858366,0.08700233299191755,0.98
buchwald-hartwig,bh_reaction_4,5,20,no_target,not_yet_hit,29,0.03329424789730753,0.15000329826156467,0.9655172413793104
buchwald-hartwig,bh_reaction_4,5,20,pilot_summary,all,50,0.01871147702340656,0.0779722188028487,0.98
buchwald-hartwig,bh_reaction_4,5,20,pilot_summary,not_yet_hit,29,0.032261167281011305,0.1344341358666184,0.9655172413793104
buchwald-hartwig,bh_reaction_4,5,40,best,all,50,2.144754357240611e-06,0.0009718637528600897,1.0
buchwald-hartwig,bh_reaction_4,5,40,best,not_yet_hit,29,3.6978516159320875e-06,0.0016749030218104778,1.0
buchwald-hartwig,bh_reaction_4,5,40,count,all,50,2.127442522692159e-06,0.0011123029870485528,1.0
buchwald-hartwig,bh_reaction_4,5,40,count,not_yet_hit,29,3.6680036253313095e-06,0.0019170396324802424,1.0
buchwald-hartwig,bh_reaction_4,5,40,no_target,all,50,2.127442522692159e-06,0.0011123029870485528,1.0
buchwald-hartwig,bh_reaction_4,5,40,no_target,not_yet_hit,29,3.6680036253313095e-06,0.0019170396324802424,1.0
buchwald-hartwig,bh_reaction_4,5,40,pilot_summary,all,50,3.3965194562248723e-06,0.0012250250630900946,1.0
buchwald-hartwig,bh_reaction_4,5,40,pilot_summary,not_yet_hit,29,5.856067303835988e-06,0.0021113880394484186,1.0
buchwald-hartwig,bh_reaction_4,10,20,best,all,50,0.018583173848356137,0.06425002554880913,0.98
buchwald-hartwig,bh_reaction_4,10,20,best,not_yet_hit,7,0.13273695605354385,0.4589226110598506,0.8571428571428571
buchwald-hartwig,bh_reaction_4,10,20,count,all,50,0.017512906226948753,0.059349193456044086,0.98
buchwald-hartwig,bh_reaction_4,10,20,count,not_yet_hit,7,0.12509218732920538,0.4239166675401003,0.8571428571428571
buchwald-hartwig,bh_reaction_4,10,20,no_target,all,50,0.017512906226948753,0.059349193456044086,0.98
buchwald-hartwig,bh_reaction_4,10,20,no_target,not_yet_hit,7,0.12509218732920538,0.4239166675401003,0.8571428571428571
buchwald-hartwig,bh_reaction_4,10,20,pilot_summary,all,50,0.018032530844036762,0.060174325382176014,0.98
buchwald-hartwig,bh_reaction_4,10,20,pilot_summary,not_yet_hit,7,0.12880379173697687,0.4298104670124713,0.8571428571428571
buchwald-hartwig,bh_reaction_4,10,40,best,all,50,5.6239701580150435e-06,0.000731771201636399,1.0
buchwald-hartwig,bh_reaction_4,10,40,best,not_yet_hit,7,4.017120927153604e-05,0.005220794294331242,1.0
buchwald-hartwig,bh_reaction_4,10,40,count,all,50,4.235608690188047e-06,0.0007730408576686379,1.0
buchwald-hartwig,bh_reaction_4,10,40,count,not_yet_hit,7,3.0254341644200332e-05,0.005515577551704377,1.0
buchwald-hartwig,bh_reaction_4,10,40,no_target,all,50,4.235608690188047e-06,0.0007730408576686379,1.0
buchwald-hartwig,bh_reaction_4,10,40,no_target,not_yet_hit,7,3.0254341644200332e-05,0.005515577551704377,1.0
buchwald-hartwig,bh_reaction_4,10,40,pilot_summary,all,50,7.848097503171995e-06,0.0008987199879715005,1.0
buchwald-hartwig,bh_reaction_4,10,40,pilot_summary,not_yet_hit,7,5.605783316551426e-05,0.006413285625296253,1.0
buchwald-hartwig,bh_reaction_5,5,20,best,all,50,0.001382164648130945,0.02585332608407162,1.0
buchwald-hartwig,bh_reaction_5,5,20,best,not_yet_hit,32,0.002159632262142101,0.04039525950608064,1.0
buchwald-hartwig,bh_reaction_5,5,20,count,all,50,0.0007286196126193998,0.02196744166622457,1.0
buchwald-hartwig,bh_reaction_5,5,20,count,not_yet_hit,32,0.0011384681441553124,0.034323565103194634,1.0
buchwald-hartwig,bh_reaction_5,5,20,no_target,all,50,0.0007286196126193903,0.021967441666224427,1.0
buchwald-hartwig,bh_reaction_5,5,20,no_target,not_yet_hit,32,0.0011384681441552972,0.034323565103194405,1.0
buchwald-hartwig,bh_reaction_5,5,20,pilot_summary,all,50,0.0014962589270782081,0.026622358843798398,1.0
buchwald-hartwig,bh_reaction_5,5,20,pilot_summary,not_yet_hit,32,0.0023379045729972005,0.041596873193153736,1.0
buchwald-hartwig,bh_reaction_5,5,40,best,all,50,4.340738584133778e-06,0.0013851705943050741,1.0
buchwald-hartwig,bh_reaction_5,5,40,best,not_yet_hit,32,6.782403475209027e-06,0.0021637665533204113,1.0
buchwald-hartwig,bh_reaction_5,5,40,count,all,50,2.347522680212038e-06,0.0012272653649673657,1.0
buchwald-hartwig,bh_reaction_5,5,40,count,not_yet_hit,32,3.668003625331309e-06,0.0019170396324802422,1.0
buchwald-hartwig,bh_reaction_5,5,40,no_target,all,50,2.347522680212038e-06,0.0012272653649673657,1.0
buchwald-hartwig,bh_reaction_5,5,40,no_target,not_yet_hit,32,3.668003625331309e-06,0.0019170396324802422,1.0
buchwald-hartwig,bh_reaction_5,5,40,pilot_summary,all,50,4.797216191871348e-06,0.001427757226617992,1.0
buchwald-hartwig,bh_reaction_5,5,40,pilot_summary,not_yet_hit,32,7.4956497372989825e-06,0.002230308166309346,1.0
buchwald-hartwig,bh_reaction_5,10,20,best,all,50,0.0008525308708421212,0.011056129303163985,1.0
buchwald-hartwig,bh_reaction_5,10,20,best,not_yet_hit,7,0.006089506214158007,0.07896620930524256,1.0
buchwald-hartwig,bh_reaction_5,10,20,count,all,50,0.0011707064976220298,0.013426840551024031,1.0
buchwald-hartwig,bh_reaction_5,10,20,count,not_yet_hit,7,0.008362189262585926,0.09589986107567147,1.0
buchwald-hartwig,bh_reaction_5,10,20,no_target,all,50,0.0011707064976220298,0.013426840551024031,1.0
buchwald-hartwig,bh_reaction_5,10,20,no_target,not_yet_hit,7,0.008362189262585926,0.09589986107567147,1.0
buchwald-hartwig,bh_reaction_5,10,20,pilot_summary,all,50,0.001075942085795608,0.01229247569373315,1.0
buchwald-hartwig,bh_reaction_5,10,20,pilot_summary,not_yet_hit,7,0.007685300606682914,0.08779725495216517,1.0
buchwald-hartwig,bh_reaction_5,10,40,best,all,50,2.743032588145702e-06,0.0006005580820955886,1.0
buchwald-hartwig,bh_reaction_5,10,40,best,not_yet_hit,7,1.95930837724693e-05,0.004283557726182597,1.0
buchwald-hartwig,bh_reaction_5,10,40,count,all,50,4.235608690188047e-06,0.0007730408576686377,1.0
buchwald-hartwig,bh_reaction_5,10,40,count,not_yet_hit,7,3.0254341644200332e-05,0.005515577551704377,1.0
buchwald-hartwig,bh_reaction_5,10,40,no_target,all,50,4.235608690188047e-06,0.0007730408576686377,1.0
buchwald-hartwig,bh_reaction_5,10,40,no_target,not_yet_hit,7,3.0254341644200332e-05,0.005515577551704377,1.0
buchwald-hartwig,bh_reaction_5,10,40,pilot_summary,all,50,3.559384584270164e-06,0.0006712142304059767,1.0
buchwald-hartwig,bh_reaction_5,10,40,pilot_summary,not_yet_hit,7,2.5424169459072597e-05,0.004788244499828225,1.0
c2-yield,c2_yield_data,5,20,best,all,50,0.019712027240495335,0.0971842222393242,0.98
c2-yield,c2_yield_data,5,20,best,not_yet_hit,28,0.03520004864295596,0.17354246828411463,0.9642857142857143
c2-yield,c2_yield_data,5,20,count,all,50,0.019306325491497536,0.08661975845225733,0.98
c2-yield,c2_yield_data,5,20,count,not_yet_hit,28,0.03447558123403132,0.15467735437863803,0.9642857142857143
c2-yield,c2_yield_data,5,20,no_target,all,50,0.01930632549150023,0.08661975845230419,0.98
c2-yield,c2_yield_data,5,20,no_target,not_yet_hit,28,0.03447558123403613,0.15467735437872174,0.9642857142857143
c2-yield,c2_yield_data,5,20,pilot_summary,all,50,0.01980299840064706,0.106546096325031,0.98
c2-yield,c2_yield_data,5,20,pilot_summary,not_yet_hit,28,0.0353624971432269,0.19026010058001958,0.9642857142857143
c2-yield,c2_yield_data,5,40,best,all,50,3.15344869927777e-07,0.00036203853297866914,1.0
c2-yield,c2_yield_data,5,40,best,not_yet_hit,28,5.631150534424588e-07,0.0006457116656404577,1.0
c2-yield,c2_yield_data,5,40,count,all,50,9.204564358521723e-07,0.0007188528193040036,1.0
c2-yield,c2_yield_data,5,40,count,not_yet_hit,28,1.6436714211645933e-06,0.0012828800340785546,1.0
c2-yield,c2_yield_data,5,40,no_target,all,50,9.204564360930519e-07,0.0007188528193980668,1.0
c2-yield,c2_yield_data,5,40,no_target,not_yet_hit,28,1.6436714215947357e-06,0.0012828800342465246,1.0
c2-yield,c2_yield_data,5,40,pilot_summary,all,50,7.500449751658457e-08,0.00018894036265946907,1.0
c2-yield,c2_yield_data,5,40,pilot_summary,not_yet_hit,28,1.3393581699390095e-07,0.00033660779007045746,1.0
c2-yield,c2_yield_data,10,20,best,all,50,0.0186375993953677,0.07019254298188314,0.98
c2-yield,c2_yield_data,10,20,best,not_yet_hit,9,0.10354221885859838,0.38995401656373935,0.8888888888888888
c2-yield,c2_yield_data,10,20,count,all,50,0.017919644541524293,0.06364029647714464,0.98
c2-yield,c2_yield_data,10,20,count,not_yet_hit,9,0.09955358078169053,0.3535526470929701,0.8888888888888888
c2-yield,c2_yield_data,10,20,no_target,all,50,0.017919644541514974,0.06364029647708343,0.98
c2-yield,c2_yield_data,10,20,no_target,not_yet_hit,9,0.09955358078163876,0.35355264709262996,0.8888888888888888
c2-yield,c2_yield_data,10,20,pilot_summary,all,50,0.019055748380045524,0.07649750330314888,0.98
c2-yield,c2_yield_data,10,20,pilot_summary,not_yet_hit,9,0.10586526877347517,0.42498157390410457,0.8888888888888888
c2-yield,c2_yield_data,10,40,best,all,50,6.267923225861401e-07,0.00033461734148217945,1.0
c2-yield,c2_yield_data,10,40,best,not_yet_hit,9,3.4821750143674434e-06,0.0018544296726230865,1.0
c2-yield,c2_yield_data,10,40,count,all,50,2.5859912104966963e-06,0.0006843759516883277,1.0
c2-yield,c2_yield_data,10,40,count,not_yet_hit,9,1.4366613280537205e-05,0.003797533062657243,1.0
c2-yield,c2_yield_data,10,40,no_target,all,50,2.585991211304149e-06,0.0006843759517952477,1.0
c2-yield,c2_yield_data,10,40,no_target,not_yet_hit,9,1.4366613285023054e-05,0.003797533063251244,1.0
c2-yield,c2_yield_data,10,40,pilot_summary,all,50,2.4740768836769626e-07,0.00020396156243432351,1.0
c2-yield,c2_yield_data,10,40,pilot_summary,not_yet_hit,9,1.3744826020427567e-06,0.0011285642334683311,1.0
suzuki-miyaura,suzuki_miyaura_data,5,20,best,all,50,0.039463874017646824,0.19889912601298754,0.96
suzuki-miyaura,suzuki_miyaura_data,5,20,best,not_yet_hit,29,0.06804116209866694,0.34292880347030597,0.9310344827586207
suzuki-miyaura,suzuki_miyaura_data,5,20,count,all,50,0.0386762527045737,0.1685416936200229,0.96
suzuki-miyaura,suzuki_miyaura_data,5,20,count,not_yet_hit,29,0.06668319431750638,0.29058840279278075,0.9310344827586207
suzuki-miyaura,suzuki_miyaura_data,5,20,no_target,all,50,0.0386762527045737,0.1685416936200229,0.96
suzuki-miyaura,suzuki_miyaura_data,5,20,no_target,not_yet_hit,29,0.06668319431750638,0.29058840279278075,0.9310344827586207
suzuki-miyaura,suzuki_miyaura_data,5,20,pilot_summary,all,50,0.0395013055858016,0.20527615722461248,0.96
suzuki-miyaura,suzuki_miyaura_data,5,20,pilot_summary,not_yet_hit,29,0.06810569928514068,0.3539236848696594,0.9310344827586207
suzuki-miyaura,suzuki_miyaura_data,5,40,best,all,50,6.323177209467147e-07,0.0005693636267092493,1.0
suzuki-miyaura,suzuki_miyaura_data,5,40,best,not_yet_hit,29,1.0902022430115768e-06,0.0009809372870676503,1.0
suzuki-miyaura,suzuki_miyaura_data,5,40,count,all,50,7.802511848419307e-07,0.0006735254069876387,1.0
suzuki-miyaura,suzuki_miyaura_data,5,40,count,not_yet_hit,29,1.3452599393826381e-06,0.0011605265634097007,1.0
suzuki-miyaura,suzuki_miyaura_data,5,40,no_target,all,50,7.802511848419307e-07,0.0006735254069876387,1.0
suzuki-miyaura,suzuki_miyaura_data,5,40,no_target,not_yet_hit,29,1.3452599393826381e-06,0.0011605265634097007,1.0
suzuki-miyaura,suzuki_miyaura_data,5,40,pilot_summary,all,50,6.318133508696489e-07,0.0005008185834222064,1.0
suzuki-miyaura,suzuki_miyaura_data,5,40,pilot_summary,not_yet_hit,29,1.089332639430429e-06,0.0008627561779520588,1.0
suzuki-miyaura,suzuki_miyaura_data,10,20,best,all,50,0.03836581649651417,0.1553877306052823,0.96
suzuki-miyaura,suzuki_miyaura_data,10,20,best,not_yet_hit,11,0.17439007498060988,0.7063043209313283,0.8181818181818182
suzuki-miyaura,suzuki_miyaura_data,10,20,count,all,50,0.03623099317533755,0.12587011832058295,0.96
suzuki-miyaura,suzuki_miyaura_data,10,20,count,not_yet_hit,11,0.16468633261162524,0.5721333560008768,0.8181818181818182
suzuki-miyaura,suzuki_miyaura_data,10,20,no_target,all,50,0.03623099317533754,0.12587011832058284,0.96
suzuki-miyaura,suzuki_miyaura_data,10,20,no_target,not_yet_hit,11,0.16468633261162516,0.5721333560008763,0.8181818181818182
suzuki-miyaura,suzuki_miyaura_data,10,20,pilot_summary,all,50,0.038150193096921726,0.154174584804334,0.96
suzuki-miyaura,suzuki_miyaura_data,10,20,pilot_summary,not_yet_hit,11,0.17340996861882604,0.7007900218361091,0.8181818181818182
suzuki-miyaura,suzuki_miyaura_data,10,40,best,all,50,1.4822078746711317e-06,0.0005344173271800899,1.0
suzuki-miyaura,suzuki_miyaura_data,10,40,best,not_yet_hit,11,6.737304975777873e-06,0.002425624212682124,1.0
suzuki-miyaura,suzuki_miyaura_data,10,40,count,all,50,2.658844589777037e-06,0.0007669299002176537,1.0
suzuki-miyaura,suzuki_miyaura_data,10,40,count,not_yet_hit,11,1.2085653680804715e-05,0.00348249954467105,1.0
suzuki-miyaura,suzuki_miyaura_data,10,40,no_target,all,50,2.658844589777037e-06,0.0007669299002176537,1.0
suzuki-miyaura,suzuki_miyaura_data,10,40,no_target,not_yet_hit,11,1.2085653680804715e-05,0.00348249954467105,1.0
suzuki-miyaura,suzuki_miyaura_data,10,40,pilot_summary,all,50,1.1607701513507612e-06,0.0004412065412865415,1.0
suzuki-miyaura,suzuki_miyaura_data,10,40,pilot_summary,not_yet_hit,11,5.2762244152307315e-06,0.0020019388222569036,1.0
