quantile,family,pilot,budget,predictor,stratum,brier,log_loss,hit_rate
0.9,additives,5,20,no_target,all,0.0010664749167662007,0.026366335767032748,1.0
0.9,additives,5,20,no_target,not_yet_hit,0.0017063598662259212,0.04218553722695238,1.0
0.9,additives,5,40,no_target,all,2.252474116951104e-06,0.0011880084961892637,1.0
0.9,additives,5,40,no_target,not_yet_hit,3.603957987121766e-06,0.0019002135936028045,1.0
0.9,additives,10,20,no_target,all,0.0036727647216017447,0.03348409868950168,1.0
0.9,additives,10,20,no_target,not_yet_hit,0.01360283229952498,0.1240124766264321,1.0
0.9,additives,10,40,no_target,all,9.065236427289847e-06,0.0015697653070701366,1.0
0.9,additives,10,40,no_target,not_yet_hit,3.357494702699943e-05,0.005811241876685612,1.0
0.9,additives,5,20,best,all,0.00175027984444519,0.027716860838041785,1.0
0.9,additives,5,20,best,not_yet_hit,0.0028183666675106705,0.04425349749045659,1.0
0.9,additives,5,40,best,all,4.013109424412996e-06,0.0012195133151890441,1.0
0.9,additives,5,40,best,not_yet_hit,6.467271793159684e-06,0.0019471491348552134,1.0
0.9,additives,10,20,best,all,0.0018840975758407893,0.023519269517009715,1.0
0.9,additives,10,20,best,not_yet_hit,0.006955742981754135,0.08695929291996843,1.0
0.9,additives,10,40,best,all,4.020139119413226e-06,0.0010427244643070994,1.0
0.9,additives,10,40,best,not_yet_hit,1.4837494169987862e-05,0.0038524791140353643,1.0
0.9,additives,5,20,pilot_summary,all,0.0030736220861264357,0.03625526772313312,1.0
0.9,additives,5,20,pilot_summary,not_yet_hit,0.004936923691292725,0.057657819523292936,1.0
0.9,additives,5,40,pilot_summary,all,7.486772593913274e-06,0.0016038201397921943,1.0
0.9,additives,5,40,pilot_summary,not_yet_hit,1.2084845779535227e-05,0.002551661091159633,1.0
0.9,additives,10,20,pilot_summary,all,0.0028592477586275354,0.028765430704162362,1.0
0.9,additives,10,20,pilot_summary,not_yet_hit,0.010653315671174831,0.10686140056172905,1.0
0.9,additives,10,40,pilot_summary,all,6.337143632718333e-06,0.0012792525417013889,1.0
0.9,additives,10,40,pilot_summary,not_yet_hit,2.3629871972378326e-05,0.004750596054154427,1.0
0.9,additives,5,20,prevalence,all,0.0011093560924734173,0.02690263535678061,1.0
0.9,additives,5,20,prevalence,not_yet_hit,0.0017749697473574677,0.04304361657054897,1.0
0.9,additives,5,40,prevalence,all,1.0000000000575112e-12,1.0000005000290893e-06,1.0
0.9,additives,5,40,prevalence,not_yet_hit,1.0000000000575112e-12,1.0000005000290893e-06,1.0
0.9,additives,10,20,prevalence,all,0.0045202176378307535,0.03741197417186322,1.0
0.9,additives,10,20,prevalence,not_yet_hit,0.016741546804076864,0.13856016359814147,1.0
0.9,additives,10,40,prevalence,all,1.0000000000575112e-12,1.0000005000290893e-06,1.0
0.9,additives,10,40,prevalence,not_yet_hit,1.0000000000575112e-12,1.000000500029089e-06,1.0
0.9,buchwald-hartwig,5,20,no_target,all,0.01185963062297466,0.06043921541543268,0.9879999999999999
0.9,buchwald-hartwig,5,40,no_target,all,2.156786550501508e-06,0.0011276313058848212,1.0
0.9,buchwald-hartwig,10,20,no_target,all,0.01137741141933258,0.045583397622986646,0.9879999999999999
0.9,buchwald-hartwig,10,40,no_target,all,5.687817059790322e-06,0.0010377405818339587,1.0
0.9,buchwald-hartwig,5,20,no_target,not_yet_hit,0.021384699840127773,0.10715895264034943,0.9782886334610474
0.9,buchwald-hartwig,5,40,no_target,not_yet_hit,3.668003636907326e-06,0.001917039635508179,1.0
0.9,buchwald-hartwig,10,20,no_target,not_yet_hit,0.0861821879739882,0.31457773205389905,0.9047619047619048
0.9,buchwald-hartwig,10,40,no_target,not_yet_hit,3.025434174356554e-05,0.005515577560786888,1.0
0.9,buchwald-hartwig,5,20,best,all,0.01213058458497135,0.06107758040446125,0.9879999999999999
0.9,buchwald-hartwig,5,40,best,all,3.3670831269311564e-06,0.0011205383585646002,1.0
0.9,buchwald-hartwig,10,20,best,all,0.011832177229378392,0.047530242001304915,0.9879999999999999
0.9,buchwald-hartwig,10,40,best,all,4.913704727496511e-06,0.0008492494338762152,1.0
0.9,buchwald-hartwig,5,20,best,not_yet_hit,0.02182249236599535,0.10818265903076388,0.9782886334610474
0.9,buchwald-hartwig,5,40,best,not_yet_hit,5.697241527383403e-06,0.00189980355864938,1.0
0.9,buchwald-hartwig,10,20,best,not_yet_hit,0.09015084980349264,0.33655247973686864,0.9047619047619048
0.9,buchwald-hartwig,10,40,best,not_yet_hit,2.5381994582024106e-05,0.004472903027790522,1.0
0.9,buchwald-hartwig,5,20,pilot_summary,all,0.012082557586492463,0.059179266817582545,0.9879999999999999
0.9,buchwald-hartwig,5,40,pilot_summary,all,4.4579574010800805e-06,0.0012603610724518084,1.0
0.9,buchwald-hartwig,10,20,pilot_summary,all,0.011357364187606002,0.04428868194269025,0.9879999999999999
0.9,buchwald-hartwig,10,40,pilot_summary,all,5.63453179206994e-06,0.0009380975808533194,1.0
0.9,buchwald-hartwig,5,20,pilot_summary,not_yet_hit,0.02171770624237575,0.10460418668165539,0.9782886334610474
0.9,buchwald-hartwig,5,40,pilot_summary,not_yet_hit,7.571032661791522e-06,0.0021409590967836948,1.0
0.9,buchwald-hartwig,10,20,pilot_summary,not_yet_hit,0.08611957759552642,0.30773356179843575,0.9047619047619048
0.9,buchwald-hartwig,10,40,pilot_summary,not_yet_hit,3.0766242041377605e-05,0.005028306100854809,1.0
0.9,buchwald-hartwig,5,20,prevalence,all,0.011878475171693359,0.06072349871515738,0.9879999999999999
0.9,buchwald-hartwig,5,40,prevalence,all,1.0000000000575112e-12,1.0000005000290893e-06,1.0
0.9,buchwald-hartwig,10,20,prevalence,all,0.011448990466637485,0.0460011955655651,0.9879999999999999
0.9,buchwald-hartwig,10,40,prevalence,all,1.0000000000575112e-12,1.0000005000290893e-06,1.0
0.9,buchwald-hartwig,5,20,prevalence,not_yet_hit,0.02141374561891521,0.10759711855899767,0.9782886334610474
0.9,buchwald-hartwig,5,40,prevalence,not_yet_hit,1.0000000000575112e-12,1.000000500029089e-06,1.0
0.9,buchwald-hartwig,10,20,prevalence,not_yet_hit,0.0861735844900828,0.31452526786559376,0.9047619047619048
0.9,buchwald-hartwig,10,40,prevalence,not_yet_hit,1.0000000000575112e-12,1.000000500029089e-06,1.0
0.9,c2-yield,5,20,no_target,all,0.019306325490963738,0.08661975844298,0.98
0.9,c2-yield,5,20,no_target,not_yet_hit,0.034475581233078104,0.15467735436207145,0.9642857142857143
0.9,c2-yield,5,40,no_target,all,9.204563806942267e-07,0.0007188527977648945,1.0
0.9,c2-yield,5,40,no_target,not_yet_hit,1.643671322668262e-06,0.00128287999561586,1.0
0.9,c2-yield,10,20,no_target,all,0.017919644543131184,0.06364029648769658,0.98
0.9,c2-yield,10,20,no_target,not_yet_hit,0.0995535807906177,0.35355264715159185,0.8888888888888888
0.9,c2-yield,10,40,no_target,all,2.5859910310925054e-06,0.0006843759279322552,1.0
0.9,c2-yield,10,40,no_target,not_yet_hit,1.4366612283847256e-05,0.0037975329306790626,1.0
0.9,c2-yield,5,20,best,all,0.01971202724059239,0.09718422224082816,0.98
0.9,c2-yield,5,20,best,not_yet_hit,0.03520004864312927,0.1735424682868003,0.9642857142857143
0.9,c2-yield,5,40,best,all,3.1534487203255027e-07,0.0003620385341443801,1.0
0.9,c2-yield,5,40,best,not_yet_hit,5.631150572009826e-07,0.0006457116677220846,1.0
0.9,c2-yield,10,20,best,all,0.01863759939609855,0.07019254299097147,0.98
0.9,c2-yield,10,20,best,not_yet_hit,0.10354221886265863,0.3899540166142301,0.8888888888888888
0.9,c2-yield,10,40,best,all,6.267923255547412e-07,0.00033461734227185165,1.0
0.9,c2-yield,10,40,best,not_yet_hit,3.482175030859672e-06,0.0018544296770101544,1.0
0.9,c2-yield,5,20,pilot_summary,all,0.019802998400820625,0.10654609634939444,0.98
0.9,c2-yield,5,20,pilot_summary,not_yet_hit,0.03536249714353684,0.19026010062352575,0.9642857142857143
0.9,c2-yield,5,40,pilot_summary,all,7.500449739805712e-08,0.00018894036253518914,1.0
0.9,c2-yield,5,40,pilot_summary,not_yet_hit,1.3393581678224476e-07,0.0003366077898485291,1.0
0.9,c2-yield,10,20,pilot_summary,all,0.019055748384711194,0.07649750339455824,0.98
0.9,c2-yield,10,20,pilot_summary,not_yet_hit,0.10586526879939553,0.42498157441193435,0.8888888888888888
0.9,c2-yield,10,40,pilot_summary,all,2.4740768636647694e-07,0.00020396156164598247,1.0
0.9,c2-yield,10,40,pilot_summary,not_yet_hit,1.3744825909248716e-06,0.001128564229088659,1.0
0.9,c2-yield,5,20,prevalence,all,0.01930258449016697,0.08655533610453606,0.98
0.9,c2-yield,5,20,prevalence,not_yet_hit,0.034468900874512445,0.15456231447199295,0.9642857142857143
0.9,c2-yield,5,40,prevalence,all,1.0000000000575112e-12,1.0000005000290893e-06,1.0
0.9,c2-yield,5,40,prevalence,not_yet_hit,1.0000000000575112e-12,1.000000500029089e-06,1.0
0.9,c2-yield,10,20,prevalence,all,0.01784111991986199,0.06314755711532871,0.98
0.9,c2-yield,10,20,prevalence,not_yet_hit,0.09911733288356664,0.35081520619399253,0.8888888888888888
0.9,c2-yield,10,40,prevalence,all,1.0000000000575112e-12,1.0000005000290893e-06,1.0
0.9,c2-yield,10,40,prevalence,not_yet_hit,1.0000000000575112e-12,1.000000500029089e-06,1.0
0.9,suzuki-miyaura,5,20,no_target,all,0.03867625270575322,0.16854169365129765,0.96
0.9,suzuki-miyaura,5,40,no_target,all,7.802511814623724e-07,0.0006735254055290569,1.0
0.9,suzuki-miyaura,10,20,no_target,all,0.036230993173627414,0.12587011830430403,0.96
0.9,suzuki-miyaura,10,40,no_target,all,2.658844587138828e-06,0.000766929899836889,1.0
0.9,suzuki-miyaura,5,20,no_target,not_yet_hit,0.06668319431954002,0.29058840284670284,0.9310344827586207
0.9,suzuki-miyaura,5,40,no_target,not_yet_hit,1.3452599335558144e-06,0.0011605265608949041,1.0
0.9,suzuki-miyaura,10,20,no_target,not_yet_hit,0.16468633260385182,0.5721333559268816,0.8181818181818182
0.9,suzuki-miyaura,10,40,no_target,not_yet_hit,1.2085653668812858e-05,0.003482499542940302,1.0
0.9,suzuki-miyaura,5,20,best,all,0.03946387401856934,0.19889912605778007,0.96
0.9,suzuki-miyaura,5,40,best,all,6.323177368753479e-07,0.0005693636337530219,1.0
0.9,suzuki-miyaura,10,20,best,all,0.038365816496816564,0.15538773059853195,0.96
0.9,suzuki-miyaura,10,40,best,all,1.4822079153966833e-06,0.0005344173344054043,1.0
0.9,suzuki-miyaura,5,20,best,not_yet_hit,0.06804116210025749,0.3429288035475345,0.9310344827586207
0.9,suzuki-miyaura,5,40,best,not_yet_hit,1.0902022704747378e-06,0.0009809372992120857,1.0
0.9,suzuki-miyaura,10,20,best,not_yet_hit,0.1743900749819844,0.706304320900645,0.8181818181818182
0.9,suzuki-miyaura,10,40,best,not_yet_hit,6.737305160894015e-06,0.0024256242455244627,1.0
0.9,suzuki-miyaura,5,20,pilot_summary,all,0.039501305586337535,0.2052761573058129,0.96
0.9,suzuki-miyaura,5,40,pilot_summary,all,6.318133063245516e-07,0.0005008185663938382,1.0
0.9,suzuki-miyaura,10,20,pilot_summary,all,0.03815019307443705,0.1541745842957021,0.96
0.9,suzuki-miyaura,10,40,pilot_summary,all,1.1607701286080725e-06,0.00044120653743363837,1.0
0.9,suzuki-miyaura,5,20,pilot_summary,not_yet_hit,0.0681056992860647,0.35392368500966015,0.9310344827586207
0.9,suzuki-miyaura,5,40,pilot_summary,not_yet_hit,1.0893325626285368e-06,0.0008627561485928033,1.0
0.9,suzuki-miyaura,10,20,pilot_summary,not_yet_hit,0.173409968516623,0.7007900195241457,0.8181818181818182
0.9,suzuki-miyaura,10,40,pilot_summary,not_yet_hit,5.276224311854873e-06,0.002001938804743708,1.0
0.9,suzuki-miyaura,5,20,prevalence,all,0.038681168074921626,0.16867230789625268,0.96
0.9,suzuki-miyaura,5,40,prevalence,all,1.0000000000575112e-12,1.0000005000290893e-06,1.0
0.9,suzuki-miyaura,10,20,prevalence,all,0.035538198819402095,0.11990002990818256,0.96
0.9,suzuki-miyaura,10,40,prevalence,all,1.0000000000575112e-12,1.0000005000290893e-06,1.0
0.9,suzuki-miyaura,5,20,prevalence,not_yet_hit,0.06669166909396833,0.29081359982076316,0.9310344827586207
0.9,suzuki-miyaura,5,40,prevalence,not_yet_hit,1.0000000000575112e-12,1.000000500029089e-06,1.0
0.9,suzuki-miyaura,10,20,prevalence,not_yet_hit,0.16153726735737317,0.544996590489966,0.8181818181818182
0.9,suzuki-miyaura,10,40,prevalence,not_yet_hit,1.0000000000575112e-12,1.000000500029089e-06,1.0
0.95,additives,5,20,no_target,all,0.15142242265373548,0.4766209801327049,0.8200000000000001
0.95,additives,5,20,no_target,not_yet_hit,0.1938596970861104,0.6082673460988484,0.7692307692307692
0.95,additives,5,40,no_target,all,6.109575758215486e-05,0.007022107605173136,1.0
0.95,additives,5,40,no_target,not_yet_hit,7.636969672769356e-05,0.008777384506341412,1.0
0.95,additives,10,20,no_target,all,0.12087638934411521,0.3266989926241888,0.8200000000000001
0.95,additives,10,20,no_target,not_yet_hit,0.31164049485952344,0.846769069096985,0.5384615384615384
0.95,additives,10,40,no_target,all,0.00015079589834201252,0.007596917444464056,1.0
0.95,additives,10,40,no_target,not_yet_hit,0.0004021223939120334,0.02025677985107077,1.0
0.95,additives,5,20,best,all,0.17783792520287728,0.6257452438747664,0.8200000000000001
0.95,additives,5,20,best,not_yet_hit,0.22647780426943714,0.7958264517905568,0.7692307692307692
0.95,additives,5,40,best,all,0.0004979609423796698,0.010249301404710207,1.0
0.95,additives,5,40,best,not_yet_hit,0.0006103470055839283,0.012656356417153432,1.0
0.95,additives,10,20,best,all,0.14458390099707713,0.404776214402068,0.8200000000000001
0.95,additives,10,20,best,not_yet_hit,0.3735722146660106,1.0499556761745663,0.5384615384615384
0.95,additives,10,40,best,all,0.00010214634655822214,0.005759527380897434,1.0
0.95,additives,10,40,best,not_yet_hit,0.0002795805103919909,0.015581804985971337,1.0
0.95,additives,5,20,pilot_summary,all,0.17597100484216593,0.6263936741765624,0.8200000000000001
0.95,additives,5,20,pilot_summary,not_yet_hit,0.22430835204078095,0.7972900904951146,0.7692307692307692
0.95,additives,5,40,pilot_summary,all,0.0004028546147046909,0.00933177764809864,1.0
0.95,additives,5,40,pilot_summary,not_yet_hit,0.0004932318736375581,0.011532851184498236,1.0
0.95,additives,10,20,pilot_summary,all,0.1468625634939615,0.4150735583805476,0.8200000000000001
0.95,additives,10,20,pilot_summary,not_yet_hit,0.3793697405290548,1.0762497680758258,0.5384615384615384
0.95,additives,10,40,pilot_summary,all,9.941779666210339e-05,0.005627182380557981,1.0
0.95,additives,10,40,pilot_summary,not_yet_hit,0.00027242286867293754,0.015238236639335578,1.0
0.95,additives,5,20,prevalence,all,0.15127388514015855,0.47581921155386353,0.8200000000000001
0.95,additives,5,20,prevalence,not_yet_hit,0.19366522310307802,0.6072176240376951,0.7692307692307692
0.95,additives,5,40,prevalence,all,5.039052678100099e-05,0.006374735719441395,1.0
0.95,additives,5,40,prevalence,not_yet_hit,6.298815822625122e-05,0.007968169649176734,1.0
0.95,additives,10,20,prevalence,all,0.12012419837983923,0.32444894976233474,0.8200000000000001
0.95,additives,10,20,prevalence,not_yet_hit,0.3097729173549204,0.8411825434574403,0.5384615384615384
0.95,additives,10,40,prevalence,all,0.00010416666729166595,0.006303294368955458,1.0
0.95,additives,10,40,prevalence,not_yet_hit,0.0002777777777777759,0.01680711831638117,1.0
0.95,buchwald-hartwig,5,20,no_target,all,0.05997511059199717,0.2262250304907077,0.9359999999999999
0.95,buchwald-hartwig,5,20,no_target,not_yet_hit,0.08126057293291529,0.3042165939284561,0.9127548601232812
0.95,buchwald-hartwig,5,40,no_target,all,5.40930227915558e-05,0.006422311092498745,1.0
0.95,buchwald-hartwig,5,40,no_target,not_yet_hit,7.155161712639655e-05,0.008494797741239072,1.0
0.95,buchwald-hartwig,10,20,no_target,all,0.05510864000265503,0.17285977520669338,0.9359999999999999
0.95,buchwald-hartwig,10,40,no_target,all,0.00017485684142115853,0.007799901699119588,1.0
0.95,buchwald-hartwig,10,20,no_target,not_yet_hit,0.15897931619130007,0.5017656407011357,0.8189712248535779
0.95,buchwald-hartwig,10,40,no_target,not_yet_hit,0.0005142848257681132,0.02293894617291049,1.0
0.95,buchwald-hartwig,5,20,best,all,0.06135399084738276,0.22668297657351935,0.9359999999999999
0.95,buchwald-hartwig,5,20,best,not_yet_hit,0.08291320439398008,0.3044730641295219,0.9127548601232812
0.95,buchwald-hartwig,5,40,best,all,6.800700165259546e-05,0.006257889787853107,1.0
0.95,buchwald-hartwig,5,40,best,not_yet_hit,8.856031475379549e-05,0.00823376281957863,1.0
0.95,buchwald-hartwig,10,20,best,all,0.05558335313151304,0.17331955164000248,0.9359999999999999
0.95,buchwald-hartwig,10,40,best,all,0.00017820246597064556,0.007402902412059464,1.0
0.95,buchwald-hartwig,10,20,best,not_yet_hit,0.15921921905484013,0.5004271504392267,0.8189712248535779
0.95,buchwald-hartwig,10,40,best,not_yet_hit,0.0005308008833321555,0.021851525676109946,1.0
0.95,buchwald-hartwig,5,20,pilot_summary,all,0.06711914044606314,0.24663781173245822,0.9359999999999999
0.95,buchwald-hartwig,5,20,pilot_summary,not_yet_hit,0.0902047465209447,0.3296240534364291,0.9127548601232812
0.95,buchwald-hartwig,5,40,pilot_summary,all,0.00014247528890972663,0.009553243602838431,1.0
0.95,buchwald-hartwig,5,40,pilot_summary,not_yet_hit,0.00018742291206966054,0.012623117796853009,1.0
0.95,buchwald-hartwig,10,20,pilot_summary,all,0.06501612802447702,0.19451398180430715,0.9359999999999999
0.95,buchwald-hartwig,10,40,pilot_summary,all,0.0003953026554283817,0.011313745295716077,1.0
0.95,buchwald-hartwig,10,20,pilot_summary,not_yet_hit,0.18741648149993562,0.5640576831323867,0.8189712248535779
0.95,buchwald-hartwig,10,40,pilot_summary,not_yet_hit,0.0011360106558300778,0.0327705015846144,1.0
0.95,buchwald-hartwig,5,20,prevalence,all,0.061962554710491016,0.23447477746993167,0.9359999999999999
0.95,buchwald-hartwig,5,20,prevalence,not_yet_hit,0.08376548675951025,0.3146116136144323,0.9127548601232812
0.95,buchwald-hartwig,5,40,prevalence,all,4.7619047863045944e-05,0.006024180254899618,1.0
0.95,buchwald-hartwig,5,40,prevalence,not_yet_hit,6.298815822625123e-05,0.007968169649176734,1.0
0.95,buchwald-hartwig,10,20,prevalence,all,0.05679316929311703,0.1768994712895879,0.9359999999999999
0.95,buchwald-hartwig,10,40,prevalence,all,9.444444510444379e-05,0.0057150802278996184,1.0
0.95,buchwald-hartwig,10,20,prevalence,not_yet_hit,0.16426494200794517,0.5144418176572729,0.8189712248535779
0.95,buchwald-hartwig,10,40,prevalence,not_yet_hit,0.0002777777777777758,0.016807118316381174,1.0
0.95,c2-yield,5,20,no_target,all,0.042048266458788106,0.17620416405854372,0.96
0.95,c2-yield,5,20,no_target,not_yet_hit,0.06006895208355445,0.25171980579770525,0.9428571428571428
0.95,c2-yield,5,40,no_target,all,4.1352646821598574e-05,0.005401310812682747,1.0
0.95,c2-yield,5,40,no_target,not_yet_hit,5.90752093165694e-05,0.007715729732189626,1.0
0.95,c2-yield,10,20,no_target,all,0.051178118256820025,0.16879257316558188,0.96
0.95,c2-yield,10,20,no_target,not_yet_hit,0.1421614396005001,0.4688664810146163,0.8888888888888888
0.95,c2-yield,10,40,no_target,all,0.00018397828243770433,0.008232355083682152,1.0
0.95,c2-yield,10,40,no_target,not_yet_hit,0.000511050782771401,0.022865875231561483,1.0
0.95,c2-yield,5,20,best,all,0.03793917545696702,0.15746287107572562,0.96
0.95,c2-yield,5,20,best,not_yet_hit,0.054198822080952884,0.22494653010796511,0.9428571428571428
0.95,c2-yield,5,40,best,all,2.6758631292519687e-05,0.004259962079975999,1.0
0.95,c2-yield,5,40,best,not_yet_hit,3.8226615703599544e-05,0.006085231542608558,1.0
0.95,c2-yield,10,20,best,all,0.045207661528038005,0.15451768375676106,0.96
0.95,c2-yield,10,20,best,not_yet_hit,0.12557683757610558,0.4292140104345585,0.8888888888888888
0.95,c2-yield,10,40,best,all,0.00012919683216261352,0.00687119061791341,1.0
0.95,c2-yield,10,40,best,not_yet_hit,0.00035888008756281535,0.019084862826648306,1.0
0.95,c2-yield,5,20,pilot_summary,all,0.04376761720685083,0.1833321355857764,0.96
0.95,c2-yield,5,20,pilot_summary,not_yet_hit,0.06252516743792975,0.2619026222651805,0.9428571428571428
0.95,c2-yield,5,40,pilot_summary,all,6.730051337488006e-05,0.006730991429297326,1.0
0.95,c2-yield,5,40,pilot_summary,not_yet_hit,9.614359010697154e-05,0.009615273470210453,1.0
0.95,c2-yield,10,20,pilot_summary,all,0.062103749936676104,0.19271633338261257,0.96
0.95,c2-yield,10,20,pilot_summary,not_yet_hit,0.17251041648898915,0.5353213705063683,0.8888888888888888
0.95,c2-yield,10,40,pilot_summary,all,0.00030936982201888215,0.010690663112313283,1.0
0.95,c2-yield,10,40,pilot_summary,not_yet_hit,0.0008593606149413394,0.02969450864442573,1.0
0.95,c2-yield,5,20,prevalence,all,0.04534639406655284,0.1892157234819839,0.96
0.95,c2-yield,5,20,prevalence,not_yet_hit,0.06478056295178977,0.2703077478311912,0.9428571428571428
0.95,c2-yield,5,40,prevalence,all,4.409171105837835e-05,0.005578018754573879,1.0
0.95,c2-yield,5,40,prevalence,not_yet_hit,6.29881582262548e-05,0.007968169649176958,1.0
0.95,c2-yield,10,20,prevalence,all,0.052939129129320396,0.1728053493479921,0.96
0.95,c2-yield,10,20,prevalence,not_yet_hit,0.14705313646855667,0.48001308152131134,0.8888888888888888
0.95,c2-yield,10,40,prevalence,all,0.00010000000064000063,0.006051202594217282,1.0
0.95,c2-yield,10,40,prevalence,not_yet_hit,0.0002777777777777795,0.016807118316381285,1.0
0.95,suzuki-miyaura,5,20,no_target,all,0.12041370429374165,0.3961906103568046,0.86
0.95,suzuki-miyaura,5,20,no_target,not_yet_hit,0.14334964796854957,0.47165529804371975,0.8333333333333334
0.95,suzuki-miyaura,5,40,no_target,all,0.01994905440156169,0.13383454917671342,0.98
0.95,suzuki-miyaura,5,40,no_target,not_yet_hit,0.023748874287382968,0.1593266537817064,0.9761904761904762
0.95,suzuki-miyaura,10,20,no_target,all,0.09670919299111869,0.2735667486056597,0.86
0.95,suzuki-miyaura,10,20,no_target,not_yet_hit,0.2417729824762968,0.6839153715133994,0.65
0.95,suzuki-miyaura,10,40,no_target,all,0.0198638486275186,0.11428265875841748,0.98
0.95,suzuki-miyaura,10,40,no_target,not_yet_hit,0.049659621567296496,0.2857051468952936,0.95
0.95,suzuki-miyaura,5,20,best,all,0.12458865842109225,0.42671046624615205,0.86
0.95,suzuki-miyaura,5,20,best,not_yet_hit,0.14831983145349076,0.5079884598167526,0.8333333333333334
0.95,suzuki-miyaura,5,40,best,all,0.01996858825017757,0.14315007722378162,0.98
0.95,suzuki-miyaura,5,40,best,not_yet_hit,0.023772128869068536,0.1704165681234543,0.9761904761904762
0.95,suzuki-miyaura,10,20,best,all,0.10511435113828589,0.3023596698287046,0.86
0.95,suzuki-miyaura,10,20,best,not_yet_hit,0.2627858778442147,0.7558976745710116,0.65
0.95,suzuki-miyaura,10,40,best,all,0.019917976560398985,0.12400179611301183,0.98
0.95,suzuki-miyaura,10,40,best,not_yet_hit,0.04979494139949746,0.31000299028177947,0.95
0.95,suzuki-miyaura,5,20,pilot_summary,all,0.13154720628027985,0.4961886025773218,0.86
0.95,suzuki-miyaura,5,20,pilot_summary,not_yet_hit,0.15660381700014267,0.5907005268776688,0.8333333333333334
0.95,suzuki-miyaura,5,40,pilot_summary,all,0.019986444821656225,0.15911359545577394,0.98
0.95,suzuki-miyaura,5,40,pilot_summary,not_yet_hit,0.023793386692257407,0.18942075649487375,0.9761904761904762
0.95,suzuki-miyaura,10,20,pilot_summary,all,0.11419863352034718,0.34429820031962505,0.86
0.95,suzuki-miyaura,10,20,pilot_summary,not_yet_hit,0.28549658379936793,0.8607440007983127,0.65
0.95,suzuki-miyaura,10,40,pilot_summary,all,0.01994443298370839,0.1315635240365239,0.98
0.95,suzuki-miyaura,10,40,pilot_summary,not_yet_hit,0.049861082457770975,0.32890731009055973,0.95
0.95,suzuki-miyaura,5,20,prevalence,all,0.11812133365900841,0.3845771932658977,0.86
0.95,suzuki-miyaura,5,20,prevalence,not_yet_hit,0.14062063530815286,0.45782980150692587,0.8333333333333334
0.95,suzuki-miyaura,5,40,prevalence,all,0.019999960000999996,0.2763111911592004,0.98
0.95,suzuki-miyaura,5,40,prevalence,not_yet_hit,0.02380947619147619,0.32894170376085763,0.9761904761904762
0.95,suzuki-miyaura,10,20,prevalence,all,0.0949025120701516,0.2686196040965012,0.86
0.95,suzuki-miyaura,10,20,prevalence,not_yet_hit,0.23725628017387898,0.6715475102405032,0.65
0.95,suzuki-miyaura,10,40,prevalence,all,0.019999960000999996,0.2763111911592004,0.98
0.95,suzuki-miyaura,10,40,prevalence,not_yet_hit,0.04999990000099999,0.6907764778972509,0.95
0.99,additives,5,20,no_target,all,0.23119108757466109,0.6439403639434861,0.12
0.99,additives,5,20,no_target,not_yet_hit,0.24594796550489473,0.6850428765355914,0.06382978723404255
0.99,additives,5,40,no_target,all,0.05760104325740143,0.2673472270260836,1.0
0.99,additives,5,40,no_target,not_yet_hit,0.06127770559291644,0.2844118798149506,1.0
0.99,additives,10,20,no_target,all,0.16945024404810197,0.5191273814992308,0.12
0.99,additives,10,20,no_target,not_yet_hit,0.18026621707238508,0.552263107977873,0.06382978723404255
0.99,additives,10,40,no_target,all,0.09408421109282773,0.3575173479028966,1.0
0.99,additives,10,40,no_target,not_yet_hit,0.1000895862689018,0.3803375403221985,1.0
0.99,additives,5,20,best,all,0.27194660698222284,0.7262523742943474,0.12
0.99,additives,5,20,best,not_yet_hit,0.28930490104485407,0.7726088449939548,0.06382978723404255
0.99,additives,5,40,best,all,0.04461397755580901,0.22923690000580532,1.0
0.99,additives,5,40,best,not_yet_hit,0.04746167825079682,0.2438689787295482,1.0
0.99,additives,10,20,best,all,0.1970376126016863,0.5751859892858091,0.12
0.99,additives,10,20,best,not_yet_hit,0.2096144814910918,0.6118999247721055,0.06382978723404255
0.99,additives,10,40,best,all,0.07535456008949047,0.3122565365167227,1.0
0.99,additives,10,40,best,not_yet_hit,0.0801644256270537,0.332187740975205,1.0
0.99,additives,5,20,pilot_summary,all,0.057681918102371506,0.23360910135732105,0.12
0.99,additives,5,20,pilot_summary,not_yet_hit,0.06136374266203352,0.2485202567630756,0.06382978723404255
0.99,additives,5,40,pilot_summary,all,0.46636739178652864,1.196730607973772,1.0
0.99,additives,5,40,pilot_summary,not_yet_hit,0.4961355231770943,1.273117604227385,1.0
0.99,additives,10,20,pilot_summary,all,0.058296369538424986,0.2349630113338884,0.12
0.99,additives,10,20,pilot_summary,not_yet_hit,0.06201741440251593,0.24996058652538122,0.06382978723404255
0.99,additives,10,40,pilot_summary,all,0.37167655543487044,0.9431894870512626,1.0
0.99,additives,10,40,pilot_summary,not_yet_hit,0.39540059088809626,1.0033930075013113,1.0
0.99,additives,5,20,prevalence,all,0.22727330877991803,0.6361031671278627,0.12
0.99,additives,5,20,prevalence,not_yet_hit,0.24178011572325314,0.6767054331147156,0.06382978723404255
0.99,additives,5,40,prevalence,all,0.0689713810159626,0.2969568427632747,1.0
0.99,additives,5,40,prevalence,not_yet_hit,0.07337380959138573,0.3159114710247284,1.0
0.99,additives,10,20,prevalence,all,0.17138597738214323,0.5231213006594562,0.12
0.99,additives,10,20,prevalence,not_yet_hit,0.18232550785328003,0.5565119581483255,0.06382978723404255
0.99,additives,10,40,prevalence,all,0.07713017497995564,0.31725214433014015,1.0
0.99,additives,10,40,prevalence,not_yet_hit,0.08205337763818683,0.3375022173724577,1.0
0.99,buchwald-hartwig,5,20,no_target,all,0.31754242317532505,0.826586409660754,0.66
0.99,buchwald-hartwig,5,20,no_target,not_yet_hit,0.3408017714774794,0.8870874187130795,0.6354265816998735
0.99,buchwald-hartwig,5,40,no_target,all,0.06949315637793531,0.29246329143571814,0.976
0.99,buchwald-hartwig,5,40,no_target,not_yet_hit,0.07460686536550243,0.3138972348366578,0.974162767873948
0.99,buchwald-hartwig,10,20,no_target,all,0.2225992551977701,0.5934622469912842,0.66
0.99,buchwald-hartwig,10,40,no_target,all,0.0703226091975053,0.26511169157461073,0.976
0.99,buchwald-hartwig,10,20,no_target,not_yet_hit,0.31825135464935334,0.847475875495651,0.5213213213213214
0.99,buchwald-hartwig,10,40,no_target,not_yet_hit,0.09945181261493435,0.375646132293047,0.9669669669669669
0.99,buchwald-hartwig,5,20,best,all,0.32087807585615646,0.8347448369894958,0.66
0.99,buchwald-hartwig,5,20,best,not_yet_hit,0.3442829888514609,0.8956108334382812,0.6354265816998735
0.99,buchwald-hartwig,5,40,best,all,0.07089188644423736,0.29596259945705944,0.976
0.99,buchwald-hartwig,5,40,best,not_yet_hit,0.07607397714263738,0.31756336042079847,0.974162767873948
0.99,buchwald-hartwig,10,20,best,all,0.22456429604777686,0.5987309867865652,0.66
0.99,buchwald-hartwig,10,40,best,all,0.07196492505556983,0.26895690019129825,0.976
0.99,buchwald-hartwig,10,20,best,not_yet_hit,0.3213077742311458,0.8556551168671721,0.5213213213213214
0.99,buchwald-hartwig,10,40,best,not_yet_hit,0.10190155773975962,0.3813912486553826,0.9669669669669669
0.99,buchwald-hartwig,5,20,pilot_summary,all,0.25747398836949453,0.7451643674063646,0.66
0.99,buchwald-hartwig,5,20,pilot_summary,not_yet_hit,0.27643520982260833,0.8003786114222367,0.6354265816998735
0.99,buchwald-hartwig,5,40,pilot_summary,all,0.023774197833793066,0.1284360423210946,0.976
0.99,buchwald-hartwig,5,40,pilot_summary,not_yet_hit,0.025596714502979134,0.13845442820594117,0.974162767873948
0.99,buchwald-hartwig,10,20,pilot_summary,all,0.206262328502644,0.5605291090598901,0.66
0.99,buchwald-hartwig,10,40,pilot_summary,all,0.023481834216514903,0.1151072229711323,0.976
0.99,buchwald-hartwig,10,20,pilot_summary,not_yet_hit,0.2914279252014293,0.7926115005119614,0.5213213213213214
0.99,buchwald-hartwig,10,40,pilot_summary,not_yet_hit,0.03232910905638631,0.1589092122987809,0.9669669669669669
0.99,buchwald-hartwig,5,20,prevalence,all,0.3207169299694973,0.8341093825490598,0.66
0.99,buchwald-hartwig,5,20,prevalence,not_yet_hit,0.344210284705071,0.8951649419449508,0.6354265816998735
0.99,buchwald-hartwig,5,40,prevalence,all,0.07551635084663284,0.3083069640182595,0.976
0.99,buchwald-hartwig,5,40,prevalence,not_yet_hit,0.08106709385818948,0.3308904995311555,0.974162767873948
0.99,buchwald-hartwig,10,20,prevalence,all,0.22179337943292618,0.5913696151510096,0.66
0.99,buchwald-hartwig,10,40,prevalence,all,0.06418890735640562,0.2500340314816179,0.976
0.99,buchwald-hartwig,10,20,prevalence,not_yet_hit,0.31708757930888576,0.8444538797012825,0.5213213213213214
0.99,buchwald-hartwig,10,40,prevalence,not_yet_hit,0.09070230895715664,0.354138376467383,0.9669669669669669
0.99,c2-yield,5,20,no_target,all,0.22461494948833544,0.630782020141842,0.18
0.99,c2-yield,5,20,no_target,not_yet_hit,0.23895207392369722,0.6710446384487363,0.1276595744680851
0.99,c2-yield,5,40,no_target,all,0.697932561280778,3.004491986181125,0.28
0.99,c2-yield,5,40,no_target,not_yet_hit,0.7424814481709765,3.196268006575633,0.23404255319148937
0.99,c2-yield,10,20,no_target,all,0.15610302947118207,0.4840373091301904,0.18
0.99,c2-yield,10,20,no_target,not_yet_hit,0.17344781052342448,0.5378191212557115,0.08888888888888889
0.99,c2-yield,10,40,no_target,all,0.6882632320795831,2.7406840860987485,0.28
0.99,c2-yield,10,40,no_target,not_yet_hit,0.7647369245327588,3.0452044289985527,0.2
0.99,c2-yield,5,20,best,all,0.3630562104586441,0.9252217790267706,0.18
0.99,c2-yield,5,20,best,not_yet_hit,0.38623001112615335,0.9842784244965324,0.1276595744680851
0.99,c2-yield,5,40,best,all,0.7121002061018451,3.8374096810036993,0.28
0.99,c2-yield,5,40,best,not_yet_hit,0.7575534107465798,4.082350660642202,0.23404255319148937
0.99,c2-yield,10,20,best,all,0.24218674272304386,0.6583722409433449,0.18
0.99,c2-yield,10,20,best,not_yet_hit,0.269096380803271,0.7315246010481053,0.08888888888888889
0.99,c2-yield,10,40,best,all,0.7079282019439006,3.4538302022499052,0.28
0.99,c2-yield,10,40,best,not_yet_hit,0.7865868910486674,3.83758900249984,0.2
0.99,c2-yield,5,20,pilot_summary,all,0.10789109357695599,0.3612964180870532,0.18
0.99,c2-yield,5,20,pilot_summary,not_yet_hit,0.11477775912435743,0.3843578277521524,0.1276595744680851
0.99,c2-yield,5,40,pilot_summary,all,0.6730761884854581,2.556324606804118,0.28
0.99,c2-yield,5,40,pilot_summary,not_yet_hit,0.7160384983887215,2.7194941987277534,0.23404255319148937
0.99,c2-yield,10,20,pilot_summary,all,0.0754568332356815,0.2778727422614599,0.18
0.99,c2-yield,10,20,pilot_summary,not_yet_hit,0.0838409258173128,0.3087473802904555,0.08888888888888889
0.99,c2-yield,10,40,pilot_summary,all,0.6640596756177787,2.367640193751066,0.28
0.99,c2-yield,10,40,pilot_summary,not_yet_hit,0.7378440840196429,2.6307112152789065,0.2
0.99,c2-yield,5,20,prevalence,all,0.21432951756679963,0.6101661553553331,0.18
0.99,c2-yield,5,20,prevalence,not_yet_hit,0.2280101250709996,0.6491128673992589,0.1276595744680851
0.99,c2-yield,5,40,prevalence,all,0.6978256233772755,3.0009922712088994,0.28
0.99,c2-yield,5,40,prevalence,not_yet_hit,0.742367684443846,3.1925449055413506,0.23404255319148937
0.99,c2-yield,10,20,prevalence,all,0.16315093324966118,0.49872984602629056,0.18
0.99,c2-yield,10,20,prevalence,not_yet_hit,0.18127881472173463,0.5541441622513783,0.08888888888888889
0.99,c2-yield,10,40,prevalence,all,0.6918647934701692,2.8281101300816998,0.28
0.99,c2-yield,10,40,prevalence,not_yet_hit,0.7687386594111879,3.1423444778685004,0.2
0.99,suzuki-miyaura,5,20,no_target,all,0.37530579877245474,0.9596879702093366,0.72
0.99,suzuki-miyaura,5,20,no_target,not_yet_hit,0.39094354038793205,0.9996749273013714,0.7083333333333334
0.99,suzuki-miyaura,5,40,no_target,all,0.06760141037113804,0.2917031544235047,0.98
0.99,suzuki-miyaura,5,40,no_target,not_yet_hit,0.07041813580322713,0.30385741085779655,0.9791666666666666
0.99,suzuki-miyaura,10,20,no_target,all,0.302213282477705,0.786614466911765,0.72
0.99,suzuki-miyaura,10,20,no_target,not_yet_hit,0.3976490558914013,1.0350187196205851,0.631578947368421
0.99,suzuki-miyaura,10,40,no_target,all,0.07673560114335345,0.28881759306802296,0.98
0.99,suzuki-miyaura,10,40,no_target,not_yet_hit,0.1009678962409388,0.38002283298408274,0.9736842105263158
0.99,suzuki-miyaura,5,20,best,all,0.40552495166514213,1.0394419289844121,0.72
0.99,suzuki-miyaura,5,20,best,not_yet_hit,0.422421824651148,1.0827519676920747,0.7083333333333334
0.99,suzuki-miyaura,5,40,best,all,0.07989558308416807,0.3219639691562242,0.98
0.99,suzuki-miyaura,5,40,best,not_yet_hit,0.08322456571263341,0.33537909287104606,0.9791666666666666
0.99,suzuki-miyaura,10,20,best,all,0.32656585856346526,0.8585207482712391,0.72
0.99,suzuki-miyaura,10,20,best,not_yet_hit,0.4296919191621386,1.1296322477251566,0.631578947368421
0.99,suzuki-miyaura,10,40,best,all,0.09013058290511462,0.31912885251313095,0.98
0.99,suzuki-miyaura,10,40,best,not_yet_hit,0.11859287224325611,0.419906069096067,0.9736842105263158
0.99,suzuki-miyaura,5,20,pilot_summary,all,0.236496640853323,0.6597415968086701,0.72
0.99,suzuki-miyaura,5,20,pilot_summary,not_yet_hit,0.24635066755550308,0.6872307883423437,0.7083333333333334
0.99,suzuki-miyaura,5,40,pilot_summary,all,0.020437555840464174,0.1086340999185145,0.98
0.99,suzuki-miyaura,5,40,pilot_summary,not_yet_hit,0.021289120667108512,0.11316047908176512,0.9791666666666666
0.99,suzuki-miyaura,10,20,pilot_summary,all,0.2423108851065875,0.6409958667078302,0.72
0.99,suzuki-miyaura,10,20,pilot_summary,not_yet_hit,0.3188301119820361,0.8434152982996184,0.631578947368421
0.99,suzuki-miyaura,10,40,pilot_summary,all,0.02270183157284562,0.12431127458325776,0.98
0.99,suzuki-miyaura,10,40,pilot_summary,not_yet_hit,0.02987083101658634,0.16356715076728645,0.9736842105263158
0.99,suzuki-miyaura,5,20,prevalence,all,0.3780690365860578,0.9665820860011405,0.72
0.99,suzuki-miyaura,5,20,prevalence,not_yet_hit,0.3938219131104352,1.0068562979178337,0.7083333333333334
0.99,suzuki-miyaura,5,40,prevalence,all,0.07631621106374849,0.3146875935300594,0.98
0.99,suzuki-miyaura,5,40,prevalence,not_yet_hit,0.079496053191363,0.3277995349271244,0.9791666666666666
0.99,suzuki-miyaura,10,20,prevalence,all,0.30267283835113834,0.787931975799799,0.72
0.99,suzuki-miyaura,10,20,prevalence,not_yet_hit,0.3982537346722347,1.0367522839469459,0.631578947368421
0.99,suzuki-miyaura,10,40,prevalence,all,0.06749261133028873,0.2663361447415797,0.98
0.99,suzuki-miyaura,10,40,prevalence,not_yet_hit,0.08880606753953779,0.35044197992297316,0.9736842105263158
