quantile,pilot,budget,stratum,family,brier_delta,leave_one_source_mean
0.9,5,20,all,additives,0.002007147169360235,0.0005148842513196684
0.9,5,20,all,buchwald-hartwig,0.00022292696351780376,0.0011096243199338121
0.9,5,20,all,c2-yield,0.0004966729098568878,0.0010183756711541175
0.9,5,20,all,suzuki-miyaura,0.0008250528805843135,0.0009089156809116422
0.9,5,20,not_yet_hit,additives,0.0032305638250668036,0.0008808090930771338
0.9,5,20,not_yet_hit,buchwald-hartwig,0.00033300640224797826,0.0018466615673500754
0.9,5,20,not_yet_hit,c2-yield,0.0008869159104587382,0.0016620250646131555
0.9,5,20,not_yet_hit,suzuki-miyaura,0.0014225049665246847,0.00148349537925784
0.9,5,40,all,additives,5.23429847696217e-06,4.3576036404819414e-07
0.9,5,40,all,buchwald-hartwig,2.3011708505785726e-06,1.4134695728427267e-06
0.9,5,40,all,c2-yield,-8.454518832961696e-07,2.4623438174676407e-06
0.9,5,40,all,suzuki-miyaura,-1.4843787513782083e-07,2.230005814748191e-06
0.9,5,40,not_yet_hit,additives,8.48088779241346e-06,7.124553826903002e-07
0.9,5,40,not_yet_hit,buchwald-hartwig,3.903029024884196e-06,2.238408305200055e-06
0.9,5,40,not_yet_hit,c2-yield,-1.5097355058860173e-06,4.042663148790127e-06
0.9,5,40,not_yet_hit,suzuki-miyaura,-2.559273709272776e-07,3.6247271038038795e-06
0.9,10,20,all,additives,-0.0008135169629742093,0.0010117521702210236
0.9,10,20,all,buchwald-hartwig,-2.004723172657763e-05,0.0007472622598051464
0.9,10,20,all,c2-yield,0.00113610384158001,0.00036187856870295056
0.9,10,20,all,suzuki-miyaura,0.0019191999008096386,0.00010084654895974102
0.9,10,20,not_yet_hit,additives,-0.002949516628350149,0.004990904514362409
0.9,10,20,not_yet_hit,buchwald-hartwig,-6.261037846178041e-05,0.004028602431066286
0.9,10,20,not_yet_hit,c2-yield,0.006311688008777835,0.001903836301986414
0.9,10,20,not_yet_hit,suzuki-miyaura,0.008723635912771172,0.0010998536673219688
0.9,10,40,all,additives,-2.7280927945715144e-06,-1.296647690325722e-06
0.9,10,40,all,buchwald-hartwig,-5.3285267720382046e-08,-2.1882501992760994e-06
0.9,10,40,all,c2-yield,-2.3385833447260284e-06,-1.4264841736075506e-06
0.9,10,40,all,suzuki-miyaura,-1.4980744585307557e-06,-1.7066538023393085e-06
0.9,10,40,not_yet_hit,additives,-9.945075054621105e-06,-6.429886250689435e-06
0.9,10,40,not_yet_hit,buchwald-hartwig,5.119002978120656e-07,-9.915544701500492e-06
0.9,10,40,not_yet_hit,c2-yield,-1.2992129692922385e-05,-5.414201371255675e-06
0.9,10,40,not_yet_hit,suzuki-miyaura,-6.809429356957985e-06,-7.4751014832438085e-06
0.95,5,20,all,additives,0.02454858218843045,0.0066656275295556315
0.95,5,20,all,buchwald-hartwig,0.007144029854065967,0.012467144974343793
0.95,5,20,all,c2-yield,0.0017193507480627243,0.01427537134301154
0.95,5,20,all,suzuki-miyaura,0.011133501986538202,0.01113732093018638
0.95,5,20,not_yet_hit,additives,0.030448654954670556,0.008218185991332607
0.95,5,20,not_yet_hit,buchwald-hartwig,0.008944173588029417,0.015386346446879653
0.95,5,20,not_yet_hit,c2-yield,0.0024562153543753046,0.017548999191431023
0.95,5,20,not_yet_hit,suzuki-miyaura,0.0132541690315931,0.013949681299025093
0.95,5,40,all,additives,0.0003417588571225361,5.0573517588662046e-05
0.95,5,40,all,buchwald-hartwig,8.838226611817084e-05,0.0001350323812567838
0.95,5,40,all,c2-yield,2.594786655328149e-05,0.00015584384777841357
0.95,5,40,all,suzuki-miyaura,3.7390420094533805e-05,0.00015202966326466281
0.95,5,40,not_yet_hit,additives,0.0004168621769098646,6.581736020270189e-05
0.95,5,40,not_yet_hit,buchwald-hartwig,0.00011587129494326399,0.0001661476541915688
0.95,5,40,not_yet_hit,c2-yield,3.706838079040214e-05,0.00019241529224252272
0.95,5,40,not_yet_hit,suzuki-miyaura,4.4512404874439554e-05,0.00018993395088117692
0.95,10,20,all,additives,0.025986174149846303,0.012774186743635521
0.95,10,20,all,buchwald-hartwig,0.009907488021821995,0.01813374878631029
0.95,10,20,all,c2-yield,0.01092563167985608,0.017794367566965594
0.95,10,20,all,suzuki-miyaura,0.01748944052922849,0.01560643128384146
0.95,10,20,not_yet_hit,additives,0.06772924566953137,0.03416991450673191
0.95,10,20,not_yet_hit,buchwald-hartwig,0.028437165308635548,0.047267274627030516
0.95,10,20,not_yet_hit,c2-yield,0.03034897688848906,0.04663000410041268
0.95,10,20,not_yet_hit,suzuki-miyaura,0.043723601323071126,0.04217179595555199
0.95,10,40,all,additives,-5.137810167990913e-05,0.00014214056992606402
0.95,10,40,all,buchwald-hartwig,0.00022044581400722317,5.153259803035325e-05
0.95,10,40,all,c2-yield,0.0001253915395811778,8.321735617236837e-05
0.95,10,40,all,suzuki-miyaura,8.058435618979107e-05,9.815308396949728e-05
0.95,10,40,not_yet_hit,additives,-0.00012969952523909586,0.00039049885090212743
0.95,10,40,not_yet_hit,buchwald-hartwig,0.0006217258300619645,0.00014002373246844066
0.95,10,40,not_yet_hit,c2-yield,0.0003483098321699384,0.00023116239843244937
0.95,10,40,not_yet_hit,suzuki-miyaura,0.0002014608904744794,0.00028011204566426903
0.99,5,20,all,additives,-0.1735091694722896,-0.10520048287878057
0.99,5,20,all,buchwald-hartwig,-0.06006843480583052,-0.1430140611009336
0.99,5,20,all,c2-yield,-0.11672385591137945,-0.12412892073241728
0.99,5,20,all,suzuki-miyaura,-0.13880915791913173,-0.11676715339649985
0.99,5,20,not_yet_hit,additives,-0.18458422284286122,-0.11104458309554661
0.99,5,20,not_yet_hit,buchwald-hartwig,-0.06436656165487109,-0.15111713682487668
0.99,5,20,not_yet_hit,c2-yield,-0.12417431479933978,-0.13118121911005376
0.99,5,20,not_yet_hit,suzuki-miyaura,-0.14459287283242897,-0.12437503309902403
0.99,5,40,all,additives,0.4087663485291272,-0.03924639529004531
0.99,5,40,all,buchwald-hartwig,-0.04571895854414224,0.11224870706771117
0.99,5,40,all,c2-yield,-0.024856372795319825,0.10529451181810369
0.99,5,40,all,suzuki-miyaura,-0.047163854530673864,0.1127303390632217
0.99,5,40,not_yet_hit,additives,0.43485781758417785,-0.041527371926965644
0.99,5,40,not_yet_hit,buchwald-hartwig,-0.04901015086252329,0.1197619508886014
0.99,5,40,not_yet_hit,c2-yield,-0.026442949782255032,0.11223955052851198
0.99,5,40,not_yet_hit,suzuki-miyaura,-0.049129015136118614,0.11980157231313317
0.99,10,20,all,additives,-0.11115387450967698,-0.05229517343391473
0.99,10,20,all,buchwald-hartwig,-0.016336926695126097,-0.08390082270543169
0.99,10,20,all,c2-yield,-0.08064619623550057,-0.062464399525306864
0.99,10,20,all,suzuki-miyaura,-0.05990239737111752,-0.06937899914676789
0.99,10,20,not_yet_hit,additives,-0.11824880266986915,-0.06508308602113365
0.99,10,20,not_yet_hit,buchwald-hartwig,-0.02682342944792404,-0.09555821042844868
0.99,10,20,not_yet_hit,c2-yield,-0.08960688470611168,-0.0746303920090528
0.99,10,20,not_yet_hit,suzuki-miyaura,-0.07881894390936522,-0.07822637227463496
0.99,10,40,all,additives,0.2775923443420427,-0.04169270033776754
0.99,10,40,all,buchwald-hartwig,-0.046840774980990395,0.06645167276991017
0.99,10,40,all,c2-yield,-0.024203556461804387,0.05890593326351482
0.99,10,40,all,suzuki-miyaura,-0.05403376957050783,0.06884933763308264
0.99,10,40,not_yet_hit,additives,0.29531100461919446,-0.055037536432005464
0.99,10,40,not_yet_hit,buchwald-hartwig,-0.06712270355854805,0.06577369962724204
0.99,10,40,not_yet_hit,c2-yield,-0.026892840513115912,0.05236374527876466
0.99,10,40,not_yet_hit,suzuki-miyaura,-0.07109706522435245,0.06709848684917684
