quantile,pilot,budget,predictor,stratum,brier,log_loss,hit_rate
0.9,5,20,no_target,all,0.017727170934114453,0.08549175081918578,0.982
0.9,5,20,no_target,not_yet_hit,0.031062458814742955,0.14865256176901903,0.9684022076263455
0.9,5,40,no_target,all,1.5274920574023028e-06,0.000927004501342009,1.0
0.9,5,40,no_target,not_yet_hit,2.565223220063292e-06,0.0015651649464054366,1.0
0.9,10,20,no_target,all,0.01730020346442323,0.06714447777612223,0.982
0.9,10,20,no_target,not_yet_hit,0.09100623341699568,0.34106905293970113,0.902958152958153
0.9,10,40,no_target,all,4.999472276327875e-06,0.0010147029291683097,1.0
0.9,10,40,no_target,not_yet_hit,2.2570388680806272e-05,0.0046517129777729664,1.0
0.9,5,20,best,all,0.01826419142214457,0.09621944738527782,0.982
0.9,5,20,best,not_yet_hit,0.03197051744422319,0.16722685708888882,0.9684022076263455
0.9,5,40,best,all,2.0819637900630128e-06,0.0008178634604127616,1.0
0.9,5,40,best,not_yet_hit,3.454457662054702e-06,0.001368400415109691,1.0
0.9,10,20,best,all,0.017679922674533576,0.0741574462769545,0.982
0.9,10,20,best,not_yet_hit,0.09375972165747246,0.379942527542928,0.902958152958153
0.9,10,40,best,all,2.7607110219652908e-06,0.0006902521437151426,1.0
0.9,10,40,best,not_yet_hit,1.2609742235941414e-05,0.003151359016090126,1.0
0.9,5,20,pilot_summary,all,0.018615120914944265,0.10181419704898075,0.982
0.9,5,20,pilot_summary,not_yet_hit,0.032530706590817506,0.17661144795953354,0.9684022076263455
0.9,5,40,pilot_summary,all,3.1628869496789907e-06,0.0008884850352932575,1.0
0.9,5,40,pilot_summary,not_yet_hit,5.219786705184383e-06,0.001472996031596165,1.0
0.9,10,20,pilot_summary,all,0.017855638351345446,0.07593155008427824,0.982
0.9,10,20,pilot_summary,not_yet_hit,0.09401203264567995,0.3850916390740612,0.902958152958153
0.9,10,40,pilot_summary,all,3.3449633099407054e-06,0.0007156295554085824,1.0
0.9,10,40,pilot_summary,not_yet_hit,1.526170522913392e-05,0.0032273512972104002,1.0
0.9,5,20,prevalence,all,0.01774289595731384,0.08571344451818169,0.982
0.9,5,20,prevalence,not_yet_hit,0.031087321333688363,0.14900416235557568,0.9684022076263455
0.9,5,40,prevalence,all,1.0000000000575112e-12,1.0000005000290893e-06,1.0
0.9,5,40,prevalence,not_yet_hit,1.0000000000575112e-12,1.000000500029089e-06,1.0
0.9,10,20,prevalence,all,0.017337131710933082,0.0666151891902349,0.982
0.9,10,20,prevalence,not_yet_hit,0.09089243288377487,0.3372243070369234,0.902958152958153
0.9,10,40,prevalence,all,1.0000000000575112e-12,1.0000005000290893e-06,1.0
0.9,10,40,prevalence,not_yet_hit,1.0000000000575112e-12,1.000000500029089e-06,1.0
0.95,5,20,no_target,all,0.0934648759995656,0.3188101962596902,0.894
0.95,5,20,no_target,not_yet_hit,0.11963471751778243,0.4089647609671824,0.8645440263861316
0.95,5,40,no_target,all,0.00502639895718925,0.03817006967176701,0.995
0.95,5,40,no_target,not_yet_hit,0.005988967702638407,0.04607864144036913,0.9940476190476191
0.95,10,20,no_target,all,0.08096808514867723,0.23547952240053094,0.894
0.95,10,20,no_target,not_yet_hit,0.2136385582819051,0.6253291405815341,0.7240804130510012
0.95,10,40,no_target,all,0.005093369912429869,0.03447795824642082,0.995
0.95,10,40,no_target,not_yet_hit,0.01277176989243701,0.08794168703770908,0.9875
0.95,5,20,best,all,0.10042993748207982,0.35915038944254085,0.894
0.95,5,20,best,not_yet_hit,0.12797741554946523,0.45830862646119913,0.8645440263861316
0.95,5,40,best,all,0.005140328706375589,0.04097930762408023,0.995
0.95,5,40,best,not_yet_hit,0.006127315701277464,0.04934797972569873,0.9940476190476191
0.95,10,20,best,all,0.08762231669872851,0.258743279906884,0.894
0.95,10,20,best,not_yet_hit,0.23028853728529275,0.6838736279048407,0.7240804130510012
0.95,10,40,best,all,0.0050818805512726165,0.03600885413097053,0.995
0.95,10,40,best,not_yet_hit,0.012741050720196104,0.09163029594262727,0.9875
0.95,5,20,pilot_summary,all,0.10460124219383996,0.38813805601802975,0.894
0.95,5,20,pilot_summary,not_yet_hit,0.13341052074994952,0.4948793232685983,0.8645440263861316
0.95,5,40,pilot_summary,all,0.00514976880966138,0.04618240203400208,0.995
0.95,5,40,pilot_summary,not_yet_hit,0.0061425462670179,0.05579799973660886,0.9940476190476191
0.95,10,20,pilot_summary,all,0.09704526874386546,0.2866505184717731,0.894
0.95,10,20,pilot_summary,not_yet_hit,0.25619830557933687,0.7590932056282234,0.7240804130510012
0.95,10,40,pilot_summary,all,0.0051871308144544395,0.039798778706277814,0.995
0.95,10,40,pilot_summary,not_yet_hit,0.013032219149303833,0.10165263923973386,0.9875
0.95,5,20,prevalence,all,0.0941760418940527,0.32102172644291915,0.894
0.95,5,20,prevalence,not_yet_hit,0.12070797703063271,0.41249169674756114,0.8645440263861316
0.95,5,40,prevalence,all,0.005035515321675605,0.07357203147202881,0.995
0.95,5,40,prevalence,not_yet_hit,0.005999610166538737,0.08821155317709702,0.9940476190476191
0.95,10,20,prevalence,all,0.08118975221810706,0.235693343624104,0.894
0.95,10,20,prevalence,not_yet_hit,0.2145868190013253,0.6267962382191319,0.7240804130510012
0.95,10,40,prevalence,all,0.005074642778509026,0.07359519208756819,0.995
0.95,10,40,prevalence,not_yet_hit,0.01270830833358333,0.18529945821159866,0.9875
0.99,5,20,no_target,all,0.2871635647526941,0.7652491909888547,0.42
0.99,5,20,no_target,not_yet_hit,0.30416133782350085,0.8107124652496946,0.38381231918383363
0.99,5,40,no_target,all,0.2231570428218132,0.9640014147666078,0.809
0.99,5,40,no_target,not_yet_hit,0.23719603873315562,1.0246086330212594,0.796842996933026
0.99,10,20,no_target,all,0.2125914527986898,0.5958103511331176,0.42
0.99,10,20,no_target,not_yet_hit,0.26740360953414105,0.7431442060874551,0.32640473620316846
0.99,10,40,no_target,all,0.23235141337831738,0.9130326796610697,0.809
0.99,10,40,no_target,not_yet_hit,0.2663115549143834,1.0453027336494702,0.7851627943733207
0.99,5,20,best,all,0.3403514612405414,0.8814152298237565,0.42
0.99,5,20,best,not_yet_hit,0.3605599314184041,0.9338125176552108,0.38381231918383363
0.99,5,40,best,all,0.2268754132965149,1.171143287405697,0.809
0.99,5,40,best,not_yet_hit,0.24107840796316182,1.2447905231658987,0.796842996933026
0.99,10,20,best,all,0.24758862748399307,0.6727024913217395,0.42
0.99,10,20,best,not_yet_hit,0.3074276389219118,0.8321779726031349,0.32640473620316846
0.99,10,40,best,all,0.2363445674985189,1.0885431228677644,0.809
0.99,10,40,best,not_yet_hit,0.2718114366646842,1.2427685153066235,0.7851627943733207
0.99,5,20,pilot_summary,all,0.16488591022553625,0.4999528709148522,0.42
0.99,5,20,pilot_summary,not_yet_hit,0.1747318447911256,0.5301218710699521,0.38381231918383363
0.99,5,40,pilot_summary,all,0.295913833486561,0.9975313392543749,0.809
0.99,5,40,pilot_summary,not_yet_hit,0.31476496418397587,1.0610566775607113,0.796842996933026
0.99,10,20,pilot_summary,all,0.1455816040958345,0.4285901823407671,0.42
0.99,10,20,pilot_summary,not_yet_hit,0.18902909435082352,0.548683691406854,0.32640473620316846
0.99,10,40,pilot_summary,all,0.2704799742105024,0.8875620445891798,0.809
0.99,10,40,pilot_summary,not_yet_hit,0.2988611537451779,0.9891451464615713,0.7851627943733207
0.99,5,20,prevalence,all,0.28509719822556817,0.7617401977583491,0.42
0.99,5,20,prevalence,not_yet_hit,0.3019556096524397,0.8069598850941897,0.38381231918383363
0.99,5,40,prevalence,all,0.22965739157590487,0.9802359178801233,0.809
0.99,5,40,prevalence,not_yet_hit,0.24407616027119608,1.0417866027560898,0.796842996933026
0.99,10,20,prevalence,all,0.21475078210396725,0.6002881844091388,0.42
0.99,10,20,prevalence,not_yet_hit,0.26973640913903374,0.747965571011983,0.32640473620316846
0.99,10,40,prevalence,all,0.22516912178420478,0.9154331126587594,0.809
0.99,10,40,prevalence,not_yet_hit,0.2575751033865173,1.0461067629078284,0.7851627943733207
